full_name,team_name,player_position,current_fpl_cost,playing_time_min_percentage,xg_per_90,xag_per_90,blocks_per_90,yellows_per_90,reds_per_90,team_xg_per_90,team_xg_against_per_90,gameweek,is_at_home,team_league_position
David Raya Martín,Arsenal,Goalkeeper,59,100.0,0.0,0.0,0.0,0.09090909090909091,0.0,1.718181818181818,0.5454545454545454,12,1.0,1.0
Gabriel dos Santos Magalhães,Arsenal,Defender,66,100.0,0.07,0.13,1.5454545454545454,0.09090909090909091,0.0,1.718181818181818,0.5454545454545454,12,1.0,1.0
William Saliba,Arsenal,Defender,60,73.1,0.03,0.01,0.5,0.0,0.0,1.718181818181818,0.5454545454545454,12,1.0,1.0
Riccardo Calafiori,Arsenal,Defender,58,86.5,0.23,0.05,0.7368421052631579,0.3157894736842105,0.0,1.718181818181818,0.5454545454545454,12,1.0,1.0
Jurriën Timber,Arsenal,Defender,61,89.1,0.2,0.06,0.9183673469387754,0.2040816326530612,0.0,1.718181818181818,0.5454545454545454,12,1.0,1.0
Bukayo Saka,Arsenal,Midfielder,101,68.8,0.32,0.26,1.3157894736842106,0.0,0.0,1.718181818181818,0.5454545454545454,12,1.0,1.0
Leandro Trossard,Arsenal,Midfielder,69,64.9,0.25,0.11,0.9859154929577465,0.0,0.0,1.718181818181818,0.5454545454545454,12,1.0,1.0
Declan Rice,Arsenal,Midfielder,69,90.3,0.1,0.17,0.8080808080808081,0.0,0.0,1.718181818181818,0.5454545454545454,12,1.0,1.0
Mikel Merino Zazón,Arsenal,Midfielder,59,42.2,0.15,0.08,1.3043478260869565,0.0,0.0,1.718181818181818,0.5454545454545454,12,1.0,1.0
Martín Zubimendi Ibáñez,Arsenal,Midfielder,54,94.6,0.05,0.08,1.25,0.1923076923076923,0.0,1.718181818181818,0.5454545454545454,12,1.0,1.0
Eberechi Eze,Arsenal,Midfielder,76,62.4,0.23,0.12,0.43478260869565216,0.0,0.0,1.718181818181818,0.5454545454545454,12,1.0,1.0
Viktor Gyökeres,Arsenal,Forward,89,80.8,0.51,0.12,0.5617977528089887,0.11235955056179775,0.0,1.718181818181818,0.5454545454545454,12,1.0,1.0
Emiliano Martínez Romero,Aston Villa,Goalkeeper,50,81.8,0.0,0.0,0.0,0.1111111111111111,0.0,0.8272727272727273,1.3272727272727272,12,0.0,6.0
Matty Cash,Aston Villa,Defender,46,97.6,0.02,0.06,1.4018691588785048,0.28037383177570097,0.0,0.8272727272727273,1.3272727272727272,12,0.0,6.0
Lucas Digne,Aston Villa,Defender,45,82.6,0.04,0.1,0.32967032967032966,0.21978021978021978,0.0,0.8272727272727273,1.3272727272727272,12,0.0,6.0
Ezri Konsa Ngoyo,Aston Villa,Defender,44,88.4,0.0,0.0,1.5463917525773196,0.0,0.10309278350515465,0.8272727272727273,1.3272727272727272,12,0.0,6.0
Tyrone Mings,Aston Villa,Defender,44,50.3,0.05,0.02,1.0909090909090908,0.0,0.0,0.8272727272727273,1.3272727272727272,12,0.0,6.0
Pau Torres,Aston Villa,Defender,43,60.5,0.02,0.0,1.044776119402985,0.0,0.0,0.8272727272727273,1.3272727272727272,12,0.0,6.0
Morgan Rogers,Aston Villa,Midfielder,68,98.6,0.06,0.1,0.6481481481481481,0.18518518518518517,0.0,0.8272727272727273,1.3272727272727272,12,0.0,6.0
Emiliano Buendía Stati,Aston Villa,Midfielder,53,43.1,0.2,0.2,2.7659574468085104,0.425531914893617,0.0,0.8272727272727273,1.3272727272727272,12,0.0,6.0
John McGinn,Aston Villa,Midfielder,54,84.5,0.1,0.11,1.075268817204301,0.1075268817204301,0.0,0.8272727272727273,1.3272727272727272,12,0.0,6.0
Boubacar Kamara,Aston Villa,Midfielder,49,65.2,0.01,0.06,1.25,0.41666666666666663,0.0,0.8272727272727273,1.3272727272727272,12,0.0,6.0
Amadou Onana,Aston Villa,Midfielder,48,49.0,0.05,0.0,1.6666666666666665,0.37037037037037035,0.0,0.8272727272727273,1.3272727272727272,12,0.0,6.0
Ollie Watkins,Aston Villa,Forward,85,87.5,0.24,0.05,0.625,0.0,0.0,0.8272727272727273,1.3272727272727272,12,0.0,6.0
Evann Guessand,Aston Villa,Midfielder,62,42.7,0.08,0.02,1.9148936170212765,0.0,0.0,0.8272727272727273,1.3272727272727272,12,0.0,6.0
Kyle Walker,Burnley,Defender,44,100.0,0.01,0.04,1.8181818181818181,0.2727272727272727,0.0,0.7454545454545456,2.1363636363636362,12,1.0,17.0
Hjalmar Ekdal,Burnley,Defender,40,53.8,0.03,0.02,1.694915254237288,0.0,0.0,0.7454545454545456,2.1363636363636362,12,1.0,17.0
Maxime Estève,Burnley,Defender,39,99.1,0.02,0.03,1.3761467889908257,0.0,0.0,0.7454545454545456,2.1363636363636362,12,1.0,17.0
Quilindschy Hartman,Burnley,Defender,40,98.7,0.01,0.12,1.1926605504587156,0.09174311926605504,0.0,0.7454545454545456,2.1363636363636362,12,1.0,17.0
Axel Tuanzebe,Burnley,Defender,39,45.5,0.0,0.0,1.0,0.0,0.0,0.7454545454545456,2.1363636363636362,12,1.0,17.0
Jaidon Anthony,Burnley,Midfielder,56,89.5,0.22,0.05,1.4285714285714284,0.3061224489795918,0.0,0.7454545454545456,2.1363636363636362,12,1.0,17.0
Jacob Bruun Larsen,Burnley,Midfielder,53,42.0,0.05,0.14,0.6521739130434783,0.0,0.0,0.7454545454545456,2.1363636363636362,12,1.0,17.0
Josh Cullen,Burnley,Midfielder,50,95.2,0.06,0.08,1.8095238095238095,0.09523809523809523,0.0,0.7454545454545456,2.1363636363636362,12,1.0,17.0
Josh Laurent,Burnley,Midfielder,49,56.7,0.02,0.03,1.7741935483870968,0.16129032258064516,0.0,0.7454545454545456,2.1363636363636362,12,1.0,17.0
Loum Tchaouna,Burnley,Midfielder,49,44.4,0.08,0.02,0.6122448979591836,0.2040816326530612,0.0,0.7454545454545456,2.1363636363636362,12,1.0,17.0
Lyle Foster,Burnley,Forward,50,58.5,0.21,0.1,0.3125,0.3125,0.0,0.7454545454545456,2.1363636363636362,12,1.0,17.0
Martin Dúbravka,Burnley,Goalkeeper,40,100.0,0.0,0.0,0.0,0.0,0.0,0.7454545454545456,2.1363636363636362,12,1.0,17.0
Lesley Ugochukwu,Burnley,Midfielder,50,59.6,0.14,0.0,1.2121212121212122,0.30303030303030304,0.15151515151515152,0.7454545454545456,2.1363636363636362,12,1.0,17.0
Florentino Ibrain Morris Luís,Burnley,Midfielder,50,66.4,0.06,0.03,2.328767123287671,0.136986301369863,0.0,0.7454545454545456,2.1363636363636362,12,1.0,17.0
Đorđe Petrović,Bournemouth,Goalkeeper,45,100.0,0.0,0.0,0.0,0.09090909090909091,0.0,1.190909090909091,1.3727272727272728,12,1.0,9.0
Marcos Senesi Barón,Bournemouth,Defender,50,98.7,0.02,0.03,1.7431192660550459,0.27522935779816515,0.0,1.190909090909091,1.3727272727272728,12,1.0,9.0
Adrien Truffert,Bournemouth,Defender,45,97.2,0.02,0.07,1.4953271028037385,0.1869158878504673,0.0,1.190909090909091,1.3727272727272728,12,1.0,9.0
Justin Kluivert,Bournemouth,Midfielder,70,40.2,0.1,0.09,1.1363636363636362,0.45454545454545453,0.0,1.190909090909091,1.3727272727272728,12,1.0,9.0
Antoine Semenyo,Bournemouth,Midfielder,81,99.9,0.42,0.05,2.0,0.18181818181818182,0.0,1.190909090909091,1.3727272727272728,12,1.0,9.0
Marcus Tavernier,Bournemouth,Midfielder,55,86.5,0.14,0.17,0.9473684210526315,0.0,0.0,1.190909090909091,1.3727272727272728,12,1.0,9.0
Tyler Adams,Bournemouth,Midfielder,50,96.2,0.04,0.01,1.6037735849056605,0.37735849056603776,0.0,1.190909090909091,1.3727272727272728,12,1.0,9.0
David Brooks,Bournemouth,Midfielder,50,55.7,0.17,0.25,0.9836065573770493,0.49180327868852464,0.0,1.190909090909091,1.3727272727272728,12,1.0,9.0
Alex Scott,Bournemouth,Midfielder,50,73.5,0.07,0.06,0.7407407407407408,0.1234567901234568,0.0,1.190909090909091,1.3727272727272728,12,1.0,9.0
Francisco Evanilson de Lima Barbosa,Bournemouth,Forward,70,72.8,0.19,0.1,0.5,0.125,0.0,1.190909090909091,1.3727272727272728,12,1.0,9.0
Bafodé Diakité,Bournemouth,Defender,45,72.7,0.0,0.02,1.0,0.125,0.0,1.190909090909091,1.3727272727272728,12,1.0,9.0
Álex Jiménez Sánchez,Bournemouth,Defender,45,41.6,0.02,0.02,1.0869565217391306,0.8695652173913044,0.0,1.190909090909091,1.3727272727272728,12,1.0,9.0
Dango Ouattara,Brentford,Midfielder,60,64.7,0.36,0.1,1.971830985915493,0.28169014084507044,0.0,1.4727272727272727,1.2181818181818183,12,0.0,12.0
Caoimhín Kelleher,Brentford,Goalkeeper,45,100.0,0.0,0.0,0.0,0.09090909090909091,0.0,1.4727272727272727,1.2181818181818183,12,0.0,12.0
Nathan Collins,Brentford,Defender,49,100.0,0.03,0.08,1.6363636363636365,0.36363636363636365,0.0,1.4727272727272727,1.2181818181818183,12,0.0,12.0
Keane Lewis-Potter,Brentford,Defender,49,45.5,0.03,0.12,0.2,0.2,0.0,1.4727272727272727,1.2181818181818183,12,0.0,12.0
Michael Kayode,Brentford,Defender,45,96.2,0.01,0.14,0.8490566037735849,0.09433962264150944,0.0,1.4727272727272727,1.2181818181818183,12,0.0,12.0
Sepp van den Berg,Brentford,Defender,45,100.0,0.13,0.01,1.0,0.0,0.0,1.4727272727272727,1.2181818181818183,12,0.0,12.0
Kevin Schade,Brentford,Midfielder,70,92.9,0.3,0.11,0.5882352941176471,0.3921568627450981,0.0,1.4727272727272727,1.2181818181818183,12,0.0,12.0
Mikkel Damsgaard,Brentford,Midfielder,58,72.3,0.07,0.21,2.125,0.0,0.0,1.4727272727272727,1.2181818181818183,12,0.0,12.0
Jordan Henderson,Brentford,Midfielder,50,83.8,0.01,0.08,0.8695652173913044,0.32608695652173914,0.0,1.4727272727272727,1.2181818181818183,12,0.0,12.0
Gustavo Nunes Fernandes Gomes,Brentford,Midfielder,49,84.3,0.04,0.02,1.3978494623655913,0.3225806451612903,0.0,1.4727272727272727,1.2181818181818183,12,0.0,12.0
Yehor Yarmoliuk,Brentford,Midfielder,50,87.8,0.03,0.04,2.3711340206185567,0.10309278350515465,0.0,1.4727272727272727,1.2181818181818183,12,0.0,12.0
Igor Thiago Nascimento Rodrigues,Brentford,Forward,63,93.1,0.55,0.11,0.7843137254901962,0.29411764705882354,0.0,1.4727272727272727,1.2181818181818183,12,0.0,12.0
Bart Verbruggen,Brighton,Goalkeeper,44,100.0,0.0,0.01,0.0,0.0,0.0,1.5090909090909088,1.1818181818181819,12,1.0,11.0
Maxim De Cuyper,Brighton,Defender,43,41.9,0.16,0.08,1.0869565217391306,0.2173913043478261,0.0,1.5090909090909088,1.1818181818181819,12,1.0,11.0
Lewis Dunk,Brighton,Defender,45,100.0,0.05,0.0,0.6363636363636364,0.2727272727272727,0.0,1.5090909090909088,1.1818181818181819,12,1.0,11.0
Ferdi Kadıoğlu,Brighton,Defender,44,74.4,0.03,0.05,0.7317073170731708,0.3658536585365854,0.0,1.5090909090909088,1.1818181818181819,12,1.0,11.0
Jan Paul van Hecke,Brighton,Defender,44,100.0,0.06,0.01,1.9090909090909092,0.2727272727272727,0.0,1.5090909090909088,1.1818181818181819,12,1.0,11.0
Mitoma Kaoru,Brighton,Midfielder,62,51.3,0.13,0.19,0.8928571428571429,0.17857142857142858,0.0,1.5090909090909088,1.1818181818181819,12,1.0,11.0
Georginio Rutter,Brighton,Midfielder,57,68.5,0.05,0.24,1.0666666666666667,0.26666666666666666,0.0,1.5090909090909088,1.1818181818181819,12,1.0,11.0
Yankuba Minteh,Brighton,Midfielder,60,95.7,0.2,0.26,1.2380952380952381,0.0,0.0,1.5090909090909088,1.1818181818181819,12,1.0,11.0
Yasin Ayari,Brighton,Midfielder,49,88.1,0.1,0.03,0.5154639175257733,0.0,0.0,1.5090909090909088,1.1818181818181819,12,1.0,11.0
Carlos Baleba,Brighton,Midfielder,47,65.2,0.02,0.01,0.5555555555555556,0.5555555555555556,0.0,1.5090909090909088,1.1818181818181819,12,1.0,11.0
Diego Gómez Amarilla,Brighton,Midfielder,49,54.6,0.3,0.15,1.8333333333333333,0.3333333333333333,0.0,1.5090909090909088,1.1818181818181819,12,1.0,11.0
Mats Wieffer,Brighton,Midfielder,49,64.7,0.02,0.23,1.267605633802817,0.4225352112676057,0.0,1.5090909090909088,1.1818181818181819,12,1.0,11.0
Danny Welbeck,Brighton,Forward,65,71.9,0.53,0.04,0.5063291139240506,0.2531645569620253,0.0,1.5090909090909088,1.1818181818181819,12,1.0,11.0
Robert Lynch Sánchez,Chelsea,Goalkeeper,48,91.3,0.0,0.01,0.0,0.1,0.1,1.863636363636364,1.2090909090909088,12,0.0,3.0
Marc Cucurella Saseta,Chelsea,Defender,61,90.5,0.04,0.16,1.5,0.2,0.0,1.863636363636364,1.2090909090909088,12,0.0,3.0
Reece James,Chelsea,Defender,56,71.6,0.06,0.22,0.7594936708860759,0.2531645569620253,0.0,1.863636363636364,1.2090909090909088,12,0.0,3.0
Trevoh Chalobah,Chelsea,Defender,51,84.8,0.08,0.01,0.5376344086021505,0.2150537634408602,0.1075268817204301,1.863636363636364,1.2090909090909088,12,0.0,3.0
Malo Gusto,Chelsea,Defender,49,55.8,0.11,0.08,0.6557377049180328,0.3278688524590164,0.1639344262295082,1.863636363636364,1.2090909090909088,12,0.0,3.0
Pedro Lomba Neto,Chelsea,Midfielder,71,83.7,0.22,0.19,0.32608695652173914,0.0,0.0,1.863636363636364,1.2090909090909088,12,0.0,3.0
Enzo Fernández,Chelsea,Midfielder,67,88.9,0.47,0.26,0.8163265306122448,0.2040816326530612,0.0,1.863636363636364,1.2090909090909088,12,0.0,3.0
Moisés Caicedo Corozo,Chelsea,Midfielder,61,95.5,0.05,0.09,1.2380952380952381,0.19047619047619047,0.0,1.863636363636364,1.2090909090909088,12,0.0,3.0
João Pedro Junqueira de Jesus,Chelsea,Forward,75,93.9,0.37,0.23,0.7766990291262136,0.0,0.0,1.863636363636364,1.2090909090909088,12,0.0,3.0
Dean Henderson,Crystal Palace,Goalkeeper,50,100.0,0.0,0.0,0.0,0.09090909090909091,0.0,1.718181818181818,1.1363636363636365,12,0.0,10.0
Daniel Muñoz Mejía,Crystal Palace,Defender,58,99.9,0.08,0.22,1.1818181818181819,0.2727272727272727,0.0,1.718181818181818,1.1363636363636365,12,0.0,10.0
Maxence Lacroix,Crystal Palace,Defender,50,100.0,0.04,0.05,1.1818181818181819,0.09090909090909091,0.0,1.718181818181818,1.1363636363636365,12,0.0,10.0
Tyrick Mitchell,Crystal Palace,Defender,50,99.9,0.04,0.07,1.6363636363636365,0.18181818181818182,0.0,1.718181818181818,1.1363636363636365,12,0.0,10.0
Marc Guéhi,Crystal Palace,Defender,51,90.9,0.09,0.11,0.2,0.0,0.0,1.718181818181818,1.1363636363636365,12,0.0,10.0
Chris Richards,Crystal Palace,Defender,45,100.0,0.03,0.03,1.5454545454545454,0.0,0.0,1.718181818181818,1.1363636363636365,12,0.0,10.0
Ismaïla Sarr,Crystal Palace,Midfielder,67,79.9,0.42,0.07,0.9090909090909091,0.11363636363636363,0.0,1.718181818181818,1.1363636363636365,12,0.0,10.0
Will Hughes,Crystal Palace,Midfielder,48,45.5,0.03,0.11,0.8,0.6,0.0,1.718181818181818,1.1363636363636365,12,0.0,10.0
Daichi Kamada,Crystal Palace,Midfielder,50,76.5,0.08,0.11,0.9523809523809523,0.0,0.0,1.718181818181818,1.1363636363636365,12,0.0,10.0
Adam Wharton,Crystal Palace,Midfielder,50,70.2,0.03,0.28,0.7792207792207793,0.12987012987012986,0.0,1.718181818181818,1.1363636363636365,12,0.0,10.0
Jean-Philippe Mateta,Crystal Palace,Forward,81,96.9,0.76,0.03,0.5607476635514019,0.1869158878504673,0.0,1.718181818181818,1.1363636363636365,12,0.0,10.0
Yéremy Pino Santos,Crystal Palace,Midfielder,58,53.6,0.24,0.23,1.1864406779661016,0.3389830508474576,0.0,1.718181818181818,1.1363636363636365,12,0.0,10.0
Kiernan Dewsbury-Hall,Everton,Midfielder,49,89.4,0.08,0.27,0.9183673469387754,0.5102040816326531,0.0,1.3454545454545455,1.3727272727272728,12,0.0,13.0
Jordan Pickford,Everton,Goalkeeper,55,100.0,0.0,0.0,0.0,0.0,0.0,1.3454545454545455,1.3727272727272728,12,0.0,13.0
James Tarkowski,Everton,Defender,54,100.0,0.05,0.04,1.9090909090909092,0.18181818181818182,0.0,1.3454545454545455,1.3727272727272728,12,0.0,13.0
Vitalii Mykolenko,Everton,Defender,49,72.2,0.01,0.05,1.6455696202531644,0.12658227848101264,0.0,1.3454545454545455,1.3727272727272728,12,0.0,13.0
Jake O'Brien,Everton,Defender,49,87.8,0.04,0.01,0.7216494845360826,0.0,0.0,1.3454545454545455,1.3727272727272728,12,0.0,13.0
Michael Keane,Everton,Defender,45,97.4,0.09,0.01,1.4018691588785048,0.0,0.0,1.3454545454545455,1.3727272727272728,12,0.0,13.0
Iliman Ndiaye,Everton,Midfielder,66,92.1,0.26,0.22,0.6930693069306931,0.19801980198019803,0.0,1.3454545454545455,1.3727272727272728,12,0.0,13.0
Idrissa Gana Gueye,Everton,Midfielder,54,95.9,0.1,0.03,1.0476190476190477,0.0,0.0,1.3454545454545455,1.3727272727272728,12,0.0,13.0
James Garner,Everton,Midfielder,50,100.0,0.09,0.1,1.6363636363636365,0.36363636363636365,0.0,1.3454545454545455,1.3727272727272728,12,0.0,13.0
Norberto Bercique Gomes Betuncal,Everton,Forward,52,61.5,0.61,0.06,0.5882352941176471,0.14705882352941177,0.0,1.3454545454545455,1.3727272727272728,12,0.0,13.0
Jack Grealish,Everton,Midfielder,68,83.4,0.13,0.35,1.1956521739130437,0.32608695652173914,0.0,1.3454545454545455,1.3727272727272728,12,0.0,13.0
Bernd Leno,Fulham,Goalkeeper,50,100.0,0.0,0.0,0.0,0.09090909090909091,0.0,0.9636363636363637,1.3090909090909089,12,1.0,15.0
Joachim Andersen,Fulham,Defender,45,86.0,0.05,0.07,0.5263157894736842,0.0,0.0,0.9636363636363637,1.3090909090909089,12,1.0,15.0
Calvin Bassey,Fulham,Defender,45,91.8,0.02,0.0,1.3861386138613863,0.297029702970297,0.0,0.9636363636363637,1.3090909090909089,12,1.0,15.0
Timothy Castagne,Fulham,Defender,44,40.2,0.1,0.04,1.1363636363636362,0.0,0.0,0.9636363636363637,1.3090909090909089,12,1.0,15.0
Kenny Tete,Fulham,Defender,45,72.6,0.02,0.03,0.75,0.125,0.0,0.9636363636363637,1.3090909090909089,12,1.0,15.0
Alex Iwobi,Fulham,Midfielder,65,90.7,0.06,0.19,0.8,0.2,0.0,0.9636363636363637,1.3090909090909089,12,1.0,15.0
Ryan Sessegnon,Fulham,Midfielder,54,84.4,0.07,0.09,1.2903225806451613,0.0,0.0,0.9636363636363637,1.3090909090909089,12,1.0,15.0
Harry Wilson,Fulham,Midfielder,52,66.1,0.15,0.04,0.4109589041095891,0.136986301369863,0.0,0.9636363636363637,1.3090909090909089,12,1.0,15.0
Sander Berge,Fulham,Midfielder,49,96.8,0.05,0.05,1.0377358490566038,0.18867924528301888,0.0,0.9636363636363637,1.3090909090909089,12,1.0,15.0
Saša Lukić,Fulham,Midfielder,50,68.3,0.2,0.15,1.6,0.6666666666666666,0.0,0.9636363636363637,1.3090909090909089,12,1.0,15.0
Josh King,Fulham,Midfielder,45,66.8,0.11,0.03,1.5068493150684932,0.273972602739726,0.0,0.9636363636363637,1.3090909090909089,12,1.0,15.0
Raúl Jiménez Rodríguez,Fulham,Forward,62,45.7,0.29,0.08,0.4,0.0,0.0,0.9636363636363637,1.3090909090909089,12,1.0,15.0
Karl Darlow,,Goalkeeper,40,45.5,0.0,0.0,0.0,0.0,0.0,,,,,
Jayden Bogle,,Defender,45,96.8,0.06,0.02,0.6603773584905661,0.18867924528301888,0.0,,,,,
Pascal Struijk,,Defender,44,73.6,0.1,0.01,0.617283950617284,0.1234567901234568,0.0,,,,,
Gabriel Gudmundsson,,Defender,40,92.0,0.02,0.13,0.9900990099009901,0.09900990099009901,0.0,,,,,
Joe Rodon,,Defender,41,100.0,0.06,0.01,0.8181818181818182,0.0,0.0,,,,,
Brenden Aaronson,,Midfielder,54,71.8,0.21,0.17,1.7721518987341771,0.12658227848101264,0.0,,,,,
Ethan Ampadu,,Midfielder,49,79.5,0.05,0.01,0.8045977011494253,0.3448275862068966,0.0,,,,,
Sean Longstaff,,Midfielder,49,79.6,0.08,0.2,1.7045454545454544,0.11363636363636363,0.0,,,,,
Anton Stach,,Midfielder,49,80.7,0.1,0.12,1.1235955056179774,0.11235955056179775,0.0,,,,,
Lucas Estella Perri,,Goalkeeper,45,54.5,0.0,0.0,0.0,0.16666666666666666,0.0,,,,,
Dominic Calvert-Lewin,,Forward,55,62.0,0.31,0.13,0.5882352941176471,0.0,0.0,,,,,
Noah Okafor,,Midfielder,55,52.2,0.24,0.11,0.5263157894736842,0.3508771929824561,0.0,,,,,
Alisson Becker,Liverpool,Goalkeeper,54,54.5,0.0,0.0,0.0,0.0,0.0,1.5999999999999999,1.2545454545454544,12,1.0,8.0
Giorgi Mamardashvili,Liverpool,Goalkeeper,43,45.5,0.0,0.0,0.0,0.0,0.0,1.5999999999999999,1.2545454545454544,12,1.0,8.0
Milos Kerkez,Liverpool,Defender,57,70.2,0.1,0.07,0.6493506493506493,0.38961038961038963,0.0,1.5999999999999999,1.2545454545454544,12,1.0,8.0
Virgil van Dijk,Liverpool,Defender,59,100.0,0.04,0.01,1.2727272727272727,0.18181818181818182,0.0,1.5999999999999999,1.2545454545454544,12,1.0,8.0
Ibrahima Konaté,Liverpool,Defender,54,93.1,0.07,0.05,0.9803921568627452,0.19607843137254904,0.0,1.5999999999999999,1.2545454545454544,12,1.0,8.0
Conor Bradley,Liverpool,Defender,50,53.5,0.01,0.05,2.0338983050847457,0.6779661016949152,0.0,1.5999999999999999,1.2545454545454544,12,1.0,8.0
Mohamed Salah,Liverpool,Midfielder,142,99.3,0.33,0.16,0.4587155963302752,0.09174311926605504,0.0,1.5999999999999999,1.2545454545454544,12,1.0,8.0
Florian Wirtz,Liverpool,Midfielder,80,69.6,0.17,0.15,1.5584415584415585,0.12987012987012986,0.0,1.5999999999999999,1.2545454545454544,12,1.0,8.0
Cody Gakpo,Liverpool,Midfielder,75,83.7,0.35,0.32,1.1956521739130437,0.0,0.0,1.5999999999999999,1.2545454545454544,12,1.0,8.0
Alexis Mac Allister,Liverpool,Midfielder,63,64.4,0.09,0.19,1.4084507042253522,0.14084507042253522,0.0,1.5999999999999999,1.2545454545454544,12,1.0,8.0
Dominik Szoboszlai,Liverpool,Midfielder,66,100.0,0.12,0.13,0.9090909090909091,0.36363636363636365,0.0,1.5999999999999999,1.2545454545454544,12,1.0,8.0
Ryan Gravenberch,Liverpool,Midfielder,56,78.9,0.07,0.08,0.4597701149425288,0.2298850574712644,0.0,1.5999999999999999,1.2545454545454544,12,1.0,8.0
Hugo Ekitiké,Liverpool,Forward,86,63.8,0.33,0.07,0.42857142857142855,0.0,0.0,1.5999999999999999,1.2545454545454544,12,1.0,8.0
Joško Gvardiol,,Defender,58,61.5,0.02,0.05,1.3235294117647058,0.0,0.0,,,,,
Matheus Nunes,,Defender,53,70.1,0.03,0.03,1.0389610389610389,0.12987012987012986,0.0,,,,,
Rúben dos Santos Gato Alves Dias,,Defender,55,91.5,0.01,0.0,1.188118811881188,0.0,0.0,,,,,
Nico O'Reilly,,Defender,50,69.3,0.13,0.1,1.1842105263157896,0.2631578947368421,0.0,,,,,
Phil Foden,,Midfielder,80,71.9,0.15,0.16,0.37974683544303794,0.37974683544303794,0.0,,,,,
Bernardo Mota Veiga de Carvalho e Silva,,Midfielder,63,65.1,0.01,0.27,0.6944444444444444,0.2777777777777778,0.0,,,,,
Jérémy Doku,,Midfielder,64,62.7,0.15,0.54,0.2898550724637681,0.0,0.0,,,,,
Nico González Iglesias,,Midfielder,59,65.5,0.04,0.05,0.8333333333333333,0.41666666666666663,0.0,,,,,
Oscar Bobb,,Midfielder,53,45.9,0.07,0.13,1.4,0.0,0.0,,,,,
Tijjani Reijnders,,Midfielder,55,76.6,0.18,0.17,0.11904761904761904,0.23809523809523808,0.0,,,,,
Erling Haaland,,Forward,149,95.4,1.05,0.11,0.19047619047619047,0.0,0.0,,,,,
Gianluigi Donnarumma,,Goalkeeper,57,72.7,0.0,0.0,0.0,0.25,0.0,,,,,
Bryan Mbeumo,,Midfielder,85,96.5,0.3,0.23,0.8490566037735849,0.0,0.0,,,,,
Altay Bayındır,,Goalkeeper,48,54.5,0.0,0.04,0.0,0.0,0.0,,,,,
Matthijs de Ligt,,Defender,50,100.0,0.09,0.05,1.0,0.0,0.0,,,,,
Diogo Dalot Teixeira,,Defender,44,60.0,0.01,0.16,0.4545454545454546,0.0,0.0,,,,,
Patrick Dorgu,,Defender,42,63.2,0.08,0.16,0.8571428571428571,0.5714285714285714,0.0,,,,,
Luke Shaw,,Defender,45,94.2,0.01,0.01,1.25,0.0,0.0,,,,,
Leny Yoro,,Defender,44,64.8,0.04,0.0,0.7042253521126761,0.0,0.0,,,,,
Bruno Borges Fernandes,,Midfielder,89,99.0,0.43,0.21,0.6422018348623852,0.18348623853211007,0.0,,,,,
Matheus Santos Carneiro da Cunha,,Midfielder,79,69.0,0.22,0.08,1.0526315789473684,0.0,0.0,,,,,
Amad Diallo,,Midfielder,63,76.2,0.25,0.2,0.8333333333333333,0.11904761904761904,0.0,,,,,
Carlos Henrique Casimiro,,Midfielder,55,62.0,0.2,0.1,1.7647058823529411,0.7352941176470589,0.14705882352941177,,,,,
Benjamin Sesko,,Forward,73,62.7,0.3,0.05,0.7246376811594203,0.14492753623188406,0.0,,,,,
Senne Lammens,,Goalkeeper,50,45.5,0.0,0.0,0.0,0.0,0.0,,,,,
Nick Pope,,Goalkeeper,52,98.6,0.0,0.0,0.0,0.09259259259259259,0.0,,,,,
Fabian Schär,,Defender,54,42.9,0.02,0.02,1.4893617021276595,0.0,0.0,,,,,
Sven Botman,,Defender,49,64.8,0.02,0.08,1.4084507042253522,0.0,0.0,,,,,
Dan Burn,,Defender,52,98.2,0.0,0.01,0.8333333333333333,0.4629629629629629,0.09259259259259259,,,,,
Tino Livramento,,Defender,49,53.1,0.0,0.03,0.1724137931034483,0.0,0.0,,,,,
Kieran Trippier,,Defender,50,70.6,0.0,0.1,1.4102564102564104,0.12820512820512822,0.0,,,,,
Anthony Gordon,,Midfielder,74,46.3,0.27,0.19,0.5882352941176471,0.0,0.19607843137254904,,,,,
Anthony Elanga,,Midfielder,67,42.1,0.17,0.13,0.2173913043478261,0.0,0.0,,,,,
Harvey Barnes,,Midfielder,63,47.5,0.24,0.17,0.7692307692307692,0.0,0.0,,,,,
Bruno Guimarães Rodriguez Moura,,Midfielder,66,90.3,0.16,0.06,0.30303030303030304,0.30303030303030304,0.0,,,,,
Jacob Murphy,,Midfielder,61,57.4,0.36,0.19,1.746031746031746,0.0,0.0,,,,,
Joelinton Cássio Apolinário de Lira,,Midfielder,59,65.4,0.09,0.12,1.25,0.2777777777777778,0.0,,,,,
Sandro Tonali,,Midfielder,54,87.9,0.05,0.17,1.5463917525773196,0.0,0.0,,,,,
Malick Thiaw,,Defender,49,63.9,0.1,0.04,1.7142857142857142,0.14285714285714285,0.0,,,,,
Nick Woltemade,,Forward,74,61.8,0.44,0.04,0.29411764705882354,0.0,0.0,,,,,
Matz Sels,,Goalkeeper,48,100.0,0.0,0.0,0.0,0.09090909090909091,0.0,,,,,
Nikola Milenković,,Defender,52,100.0,0.05,0.03,0.8181818181818182,0.09090909090909091,0.0,,,,,
Murillo Costa dos Santos,,Defender,53,65.6,0.01,0.0,1.5277777777777777,0.2777777777777778,0.0,,,,,
Neco Williams,,Defender,47,100.0,0.07,0.06,1.3636363636363635,0.36363636363636365,0.0,,,,,
Felipe Rodrigues da Silva,,Defender,44,44.3,0.01,0.0,1.4285714285714284,0.6122448979591836,0.0,,,,,
Morgan Gibbs-White,,Midfielder,73,91.5,0.26,0.07,0.7920792079207921,0.0,0.0,,,,,
Callum Hudson-Odoi,,Midfielder,58,57.6,0.09,0.26,0.4761904761904762,0.0,0.0,,,,,
Elliot Anderson,,Midfielder,53,100.0,0.14,0.15,1.6363636363636365,0.18181818181818182,0.0,,,,,
Ibrahim Sangaré,,Midfielder,49,50.6,0.11,0.01,1.25,0.35714285714285715,0.0,,,,,
Chris Wood,,Forward,72,54.5,0.45,0.03,0.16666666666666666,0.0,0.0,,,,,
Dan Ndoye,,Midfielder,57,76.2,0.04,0.11,0.9523809523809523,0.11904761904761904,0.0,,,,,
Nicolò Savona,,Defender,45,43.5,0.16,0.03,0.8333333333333334,0.0,0.0,,,,,
Daniel Ballard,Sunderland,Defender,46,58.8,0.15,0.11,1.3846153846153846,0.0,0.0,0.9181818181818181,1.2090909090909092,12,0.0,4.0
Trai Hume,Sunderland,Defender,45,98.8,0.04,0.04,1.0091743119266054,0.09174311926605504,0.0,0.9181818181818181,1.2090909090909092,12,0.0,4.0
Reinildo Mandava,Sunderland,Defender,40,66.9,0.01,0.0,0.4054054054054054,0.27027027027027023,0.13513513513513511,0.9181818181818181,1.2090909090909092,12,0.0,4.0
Enzo Le Fée,Sunderland,Midfielder,49,70.0,0.13,0.09,2.207792207792208,0.12987012987012986,0.0,0.9181818181818181,1.2090909090909092,12,0.0,4.0
Noah Sadiki,Sunderland,Midfielder,50,99.1,0.01,0.03,1.5596330275229358,0.36697247706422015,0.0,0.9181818181818181,1.2090909090909092,12,0.0,4.0
Chemsdine Talbi,Sunderland,Midfielder,50,59.7,0.15,0.04,0.6060606060606061,0.0,0.0,0.9181818181818181,1.2090909090909092,12,0.0,4.0
Wilson Isidor,Sunderland,Forward,56,67.9,0.33,0.0,0.5333333333333333,0.0,0.0,0.9181818181818181,1.2090909090909092,12,0.0,4.0
Granit Xhaka,Sunderland,Midfielder,52,100.0,0.03,0.14,1.1818181818181819,0.36363636363636365,0.0,0.9181818181818181,1.2090909090909092,12,0.0,4.0
Robin Roefs,Sunderland,Goalkeeper,47,100.0,0.0,0.02,0.0,0.09090909090909091,0.0,0.9181818181818181,1.2090909090909092,12,0.0,4.0
Omar Alderete,Sunderland,Defender,41,67.5,0.08,0.01,0.9459459459459459,0.13513513513513511,0.0,0.9181818181818181,1.2090909090909092,12,0.0,4.0
Nordi Mukiele,Sunderland,Defender,42,81.8,0.07,0.05,0.6666666666666666,0.1111111111111111,0.0,0.9181818181818181,1.2090909090909092,12,0.0,4.0
Guglielmo Vicario,,Goalkeeper,50,100.0,0.0,0.0,0.09090909090909091,0.0,0.0,,,,,
Pedro Porro Sauceda,,Defender,55,87.4,0.01,0.13,1.0416666666666667,0.10416666666666667,0.0,,,,,
Cristian Romero,,Defender,50,75.6,0.05,0.02,1.4457831325301203,0.48192771084337344,0.0,,,,,
Djed Spence,,Defender,45,76.6,0.02,0.01,0.8333333333333333,0.23809523809523808,0.0,,,,,
Micky van de Ven,,Defender,48,98.9,0.14,0.01,0.8256880733944953,0.18348623853211007,0.0,,,,,
Brennan Johnson,,Midfielder,67,47.6,0.18,0.05,0.5769230769230769,0.3846153846153846,0.0,,,,,
Mohammed Kudus,,Midfielder,65,88.4,0.15,0.2,0.6185567010309279,0.30927835051546393,0.0,,,,,
Rodrigo Bentancur,,Midfielder,53,66.4,0.05,0.07,1.6438356164383563,0.136986301369863,0.0,,,,,
Lucas Bergvall,,Midfielder,54,41.7,0.12,0.06,0.4347826086956522,0.2173913043478261,0.0,,,,,
Pape Matar Sarr,,Midfielder,48,57.9,0.12,0.1,0.78125,0.0,0.0,,,,,
Richarlison de Andrade,,Forward,64,64.1,0.3,0.19,0.4225352112676057,0.28169014084507044,0.0,,,,,
João Maria Lobo Alves Palhares Costa Palhinha Gonçalves,,Midfielder,55,87.0,0.07,0.01,1.0416666666666667,0.3125,0.0,,,,,
Xavi Simons,,Midfielder,67,53.7,0.06,0.1,1.5254237288135593,0.3389830508474576,0.0,,,,,
Alphonse Areola,West Ham,Goalkeeper,43,63.6,0.0,0.0,0.0,0.0,0.0,1.1090909090909091,1.481818181818182,12,0.0,18.0
El Hadji Malick Diouf,West Ham,Defender,43,95.5,0.02,0.07,0.9523809523809523,0.09523809523809523,0.0,1.1090909090909091,1.481818181818182,12,0.0,18.0
Maximilian Kilman,West Ham,Defender,43,100.0,0.05,0.02,1.4545454545454546,0.2727272727272727,0.0,1.1090909090909091,1.481818181818182,12,0.0,18.0
Konstantinos Mavropanos,West Ham,Defender,44,50.0,0.07,0.0,1.2727272727272727,0.18181818181818182,0.0,1.1090909090909091,1.481818181818182,12,0.0,18.0
Jean-Clair Todibo,West Ham,Defender,43,49.1,0.0,0.01,0.7407407407407407,0.18518518518518517,0.0,1.1090909090909091,1.481818181818182,12,0.0,18.0
Aaron Wan-Bissaka,West Ham,Defender,43,56.7,0.0,0.03,1.2903225806451613,0.0,0.0,1.1090909090909091,1.481818181818182,12,0.0,18.0
Lucas Tolentino Coelho de Lima,West Ham,Midfielder,59,96.8,0.18,0.1,1.6037735849056605,0.4716981132075472,0.0,1.1090909090909091,1.481818181818182,12,0.0,18.0
Tomáš Souček,West Ham,Midfielder,57,42.9,0.48,0.01,0.851063829787234,0.0,0.2127659574468085,1.1090909090909091,1.481818181818182,12,0.0,18.0
James Ward-Prowse,West Ham,Midfielder,56,41.7,0.03,0.2,1.0869565217391306,0.0,0.0,1.1090909090909091,1.481818181818182,12,0.0,18.0
Crysencio Summerville,West Ham,Midfielder,55,64.6,0.13,0.04,0.5633802816901409,0.4225352112676057,0.0,1.1090909090909091,1.481818181818182,12,0.0,18.0
Jarrod Bowen,West Ham,Forward,77,100.0,0.13,0.16,0.36363636363636365,0.0,0.0,1.1090909090909091,1.481818181818182,12,0.0,18.0
Kyle Walker-Peters,West Ham,Defender,43,47.5,0.22,0.02,1.346153846153846,0.1923076923076923,0.0,1.1090909090909091,1.481818181818182,12,0.0,18.0
Mateus Gonçalo Espanha Fernandes,West Ham,Midfielder,55,64.9,0.07,0.12,2.1126760563380285,0.14084507042253522,0.0,1.1090909090909091,1.481818181818182,12,0.0,18.0
Sam Johnstone,Wolves,Goalkeeper,45,63.6,0.0,0.0,0.0,0.0,0.0,0.8818181818181817,1.4454545454545453,12,1.0,20.0
Emmanuel Agbadou,Wolves,Defender,43,56.7,0.06,0.02,1.7741935483870968,0.0,0.16129032258064516,0.8818181818181817,1.4454545454545453,12,1.0,20.0
Hugo Bueno López,Wolves,Defender,44,80.2,0.02,0.12,0.9090909090909091,0.11363636363636363,0.0,0.8818181818181817,1.4454545454545453,12,1.0,20.0
Santiago Ignacio Bueno,Wolves,Defender,44,67.2,0.11,0.01,1.2162162162162162,0.27027027027027023,0.0,0.8818181818181817,1.4454545454545453,12,1.0,20.0
Toti Gomes,Wolves,Defender,43,53.0,0.01,0.02,0.1724137931034483,0.3448275862068966,0.1724137931034483,0.8818181818181817,1.4454545454545453,12,1.0,20.0
André Trindade da Costa Neto,Wolves,Midfielder,53,71.2,0.0,0.01,1.4102564102564104,0.38461538461538464,0.0,0.8818181818181817,1.4454545454545453,12,1.0,20.0
Jean-Ricner Bellegarde,Wolves,Midfielder,52,48.2,0.07,0.06,1.1320754716981132,0.18867924528301888,0.0,0.8818181818181817,1.4454545454545453,12,1.0,20.0
Marshall Munetsi,Wolves,Midfielder,54,81.2,0.16,0.06,1.2359550561797752,0.2247191011235955,0.0,0.8818181818181817,1.4454545454545453,12,1.0,20.0
Jørgen Strand Larsen,Wolves,Forward,63,71.4,0.2,0.05,0.5063291139240506,0.0,0.0,0.8818181818181817,1.4454545454545453,12,1.0,20.0
Jhon Arias,Wolves,Midfielder,51,55.3,0.17,0.07,1.8032786885245902,0.0,0.0,0.8818181818181817,1.4454545454545453,12,1.0,20.0
Jackson Tchatchoua,Wolves,Defender,45,52.7,0.04,0.03,1.5517241379310345,0.0,0.0,0.8818181818181817,1.4454545454545453,12,1.0,20.0
Ladislav Krejcí,Wolves,Defender,45,72.7,0.12,0.08,1.625,0.125,0.0,0.8818181818181817,1.4454545454545453,12,1.0,20.0
