full_name,team_name,player_position,current_fpl_cost,playing_time_min_percentage,xg_per_90,xag_per_90,yellows_per_90,reds_per_90,clearances_blocks_interceptions_per_90,tackles_per_90,team_xg_per_90,team_xg_against_per_90,opponent_xg_per_90,opponent_xg_against_per_90,opponent_league_position,gameweek,is_at_home,team_league_position,points_last_3,xg_last_3,minutes_last_3,is_penalty_taker,opponent_goals_conceded_last_3,ownership_percent,influence,creativity,threat,ict_index
David Raya Martín,Arsenal,Goalkeeper,61,100.0,0.0,0.0,0.03,0.0,0.97,0.03,2.03,0.87,1.28,1.79,18,36,0,1,16,0.0,180,0,4.0,35.4,516.2,33.5,0.0,55.0
Gabriel dos Santos Magalhães,Arsenal,Defender,72,96.82,0.16,0.1,0.14,0.0,7.84,1.28,2.03,0.87,1.28,1.79,18,36,0,1,14,0.64,180,0,4.0,45.1,776.2,125.8,279.0,118.0
William Saliba,Arsenal,Defender,62,93.07,0.06,0.05,0.04,0.0,5.36,1.22,2.03,0.87,1.28,1.79,18,36,0,1,13,0.0,180,0,4.0,15.7,510.8,196.0,82.0,78.9
Riccardo Calafiori,Arsenal,Defender,56,76.47,0.17,0.03,0.28,0.0,4.04,1.88,2.03,0.87,1.28,1.79,18,36,0,1,6,0.23,90,0,4.0,5.9,269.6,140.5,288.0,69.9
Jurriën Timber,Arsenal,Defender,60,91.67,0.15,0.09,0.18,0.0,3.01,2.42,2.03,0.87,1.28,1.79,18,36,0,1,0,0.0,0,0,4.0,16.1,499.0,402.6,352.0,125.7
Benjamin White,Arsenal,Defender,51,68.28,0.04,0.21,0.0,0.0,5.09,2.01,2.03,0.87,1.28,1.79,18,36,0,1,12,0.0,172,0,4.0,0.6,154.6,130.6,54.0,34.0
Bukayo Saka,Arsenal,Midfielder,99,79.16,0.37,0.34,0.04,0.0,1.1,1.54,2.03,0.87,1.28,1.79,18,36,0,1,12,0.34,54,1,4.0,11.1,596.2,785.6,796.0,218.1
Martin Ødegaard,Arsenal,Midfielder,78,62.47,0.08,0.35,0.0,0.0,0.94,1.37,2.03,0.87,1.28,1.79,18,36,0,1,3,0.03,90,0,4.0,1.6,287.0,531.1,159.0,97.6
Leandro Trossard,Arsenal,Midfielder,65,70.73,0.29,0.23,0.05,0.0,1.29,1.29,2.03,0.87,1.28,1.79,18,36,0,1,7,0.11,90,0,4.0,0.8,455.6,514.8,475.0,144.8
Declan Rice,Arsenal,Midfielder,72,95.78,0.11,0.24,0.09,0.0,3.61,1.95,2.03,0.87,1.28,1.79,18,36,0,1,7,0.0,153,0,4.0,23.9,785.2,985.2,292.0,206.4
Martín Zubimendi Ibáñez,Arsenal,Midfielder,50,92.25,0.09,0.03,0.12,0.0,3.74,2.11,2.03,0.87,1.28,1.79,18,36,0,1,6,0.07,106,0,4.0,2.9,585.2,364.8,271.0,122.3
Eberechi Eze,Arsenal,Midfielder,73,65.59,0.21,0.13,0.05,0.0,1.09,0.94,2.03,0.87,1.28,1.79,18,36,0,1,9,0.38,129,0,4.0,8.8,374.6,274.3,398.0,104.4
Viktor Gyökeres,Arsenal,Forward,89,72.29,0.56,0.1,0.21,0.0,0.94,0.26,2.03,0.87,1.28,1.79,18,36,0,1,17,1.73,119,1,4.0,15.2,534.2,238.4,753.0,151.8
Piero Hincapié,Arsenal,Defender,51,81.16,0.02,0.11,0.11,0.0,6.33,2.52,2.03,0.87,1.28,1.79,18,36,0,1,9,0.0,90,0,4.0,0.9,434.8,181.0,61.0,67.5
Emiliano Martínez Romero,Aston Villa,Goalkeeper,51,98.41,0.0,0.0,0.07,0.0,0.88,0.0,1.41,1.49,0.96,2.19,19,36,0,5,5,0.0,180,0,8.0,4.8,707.2,13.2,0.0,71.9
Marco Bizot,Aston Villa,Goalkeeper,42,91.3,0.0,0.0,0.18,0.0,1.27,0.0,1.41,1.49,0.96,2.19,19,36,0,5,0,0.0,0,0,8.0,0.4,118.2,0.0,0.0,11.8
Matty Cash,Aston Villa,Defender,47,98.12,0.04,0.1,0.25,0.0,3.66,2.06,1.41,1.49,0.96,2.19,19,36,0,5,7,0.0,180,0,8.0,8.1,618.4,467.0,215.0,130.1
Lucas Digne,Aston Villa,Defender,45,67.2,0.03,0.14,0.15,0.0,3.68,1.76,1.41,1.49,0.96,2.19,19,36,0,5,2,0.02,90,0,8.0,1.6,367.2,424.5,126.0,91.7
Ezri Konsa Ngoyo,Aston Villa,Defender,44,99.17,0.03,0.02,0.0,0.03,5.2,0.66,1.41,1.49,0.96,2.19,19,36,0,5,2,0.0,90,0,8.0,7.5,572.2,106.1,122.0,80.6
Tyrone Mings,Aston Villa,Defender,43,84.0,0.12,0.06,0.0,0.0,6.62,0.32,1.41,1.49,0.96,2.19,19,36,0,5,1,0.22,90,0,8.0,0.6,235.2,74.3,103.0,41.3
Pau Torres,Aston Villa,Defender,43,92.11,0.04,0.0,0.06,0.0,4.83,1.21,1.41,1.49,0.96,2.19,19,36,0,5,1,0.0,90,0,8.0,0.3,302.4,46.5,55.0,40.7
Morgan Rogers,Aston Villa,Midfielder,75,99.08,0.2,0.19,0.2,0.0,1.36,1.1,1.41,1.49,0.96,2.19,19,36,0,5,3,0.18,180,0,8.0,23.9,676.4,638.6,834.0,214.6
Youri Tielemans,Aston Villa,Midfielder,59,84.19,0.09,0.15,0.0,0.0,2.55,2.82,1.41,1.49,0.96,2.19,19,36,0,5,4,0.04,163,0,8.0,0.7,383.2,460.7,160.0,100.5
John McGinn,Aston Villa,Midfielder,53,84.03,0.11,0.18,0.18,0.0,1.42,1.24,1.41,1.49,0.96,2.19,19,36,0,5,2,0.0,73,0,8.0,0.7,394.2,553.7,237.0,118.3
Boubacar Kamara,Aston Villa,Midfielder,49,88.52,0.07,0.05,0.31,0.0,2.94,2.43,1.41,1.49,0.96,2.19,19,36,0,5,0,0.0,0,0,8.0,0.2,325.0,241.3,75.0,64.2
Amadou Onana,Aston Villa,Midfielder,48,82.36,0.14,0.03,0.15,0.0,5.07,2.43,1.41,1.49,0.96,2.19,19,36,0,5,0,0.0,0,0,8.0,0.6,409.6,151.1,178.0,73.9
Ollie Watkins,Aston Villa,Forward,88,86.21,0.51,0.09,0.1,0.0,0.74,0.74,1.41,1.49,0.96,2.19,19,36,0,5,3,0.41,109,0,8.0,14.6,523.4,310.7,960.0,178.8
Kyle Walker,Burnley,Defender,44,95.32,0.0,0.05,0.29,0.0,4.75,1.56,0.96,2.19,1.41,1.49,5,36,1,19,3,0.03,180,0,6.0,1.1,470.2,217.3,26.0,71.6
Hjalmar Ekdal,Burnley,Defender,38,90.35,0.04,0.01,0.0,0.0,8.77,1.4,0.96,2.19,1.41,1.49,5,36,1,19,7,0.04,180,0,6.0,0.7,372.0,55.8,88.0,51.7
Maxime Estève,Burnley,Defender,39,96.25,0.01,0.02,0.03,0.0,8.9,1.3,0.96,2.19,1.41,1.49,5,36,1,19,7,0.0,180,0,6.0,6.8,698.6,92.1,97.0,89.0
Quilindschy Hartman,Burnley,Defender,40,97.51,0.02,0.14,0.05,0.0,4.98,2.56,0.96,2.19,1.41,1.49,5,36,1,19,5,0.11,154,0,6.0,0.6,422.2,288.8,83.0,79.5
Bashir Humphreys,Burnley,Defender,39,91.91,0.03,0.05,0.36,0.0,6.65,1.65,0.96,2.19,1.41,1.49,5,36,1,19,2,0.05,156,0,6.0,0.1,356.0,132.1,99.0,58.5
Lucas Pires Silva,Burnley,Defender,38,73.27,0.04,0.11,0.0,0.08,4.04,1.9,0.96,2.19,1.41,1.49,5,36,1,19,1,0.0,25,0,6.0,0.3,189.0,247.2,64.0,49.8
Axel Tuanzebe,Burnley,Defender,39,94.85,0.05,0.0,0.1,0.0,8.22,1.16,0.96,2.19,1.41,1.49,5,36,1,19,0,0.0,0,0,6.0,0.9,225.2,9.8,52.0,28.9
Jaidon Anthony,Burnley,Midfielder,50,81.93,0.18,0.15,0.14,0.0,1.69,1.43,0.96,2.19,1.41,1.49,5,36,1,19,7,0.17,176,0,6.0,1.8,537.4,514.7,563.0,161.5
Josh Cullen,Burnley,Midfielder,49,94.63,0.06,0.11,0.12,0.0,4.04,1.9,0.96,2.19,1.41,1.49,5,36,1,19,0,0.0,0,0,6.0,0.8,342.0,218.1,98.0,66.0
Josh Laurent,Burnley,Midfielder,48,60.75,0.06,0.04,0.37,0.05,3.76,2.3,0.96,2.19,1.41,1.49,5,36,1,19,3,0.02,139,0,6.0,0.0,287.2,184.1,111.0,57.4
Zian Flemming,Burnley,Forward,53,65.51,0.5,0.04,0.18,0.0,2.62,0.66,0.96,2.19,1.41,1.49,5,36,1,19,4,0.27,156,1,6.0,0.3,393.8,143.5,474.0,100.2
Lyle Foster,Burnley,Forward,49,60.31,0.24,0.08,0.27,0.0,1.81,1.07,0.96,2.19,1.41,1.49,5,36,1,19,1,0.08,18,0,6.0,0.7,219.0,147.0,256.0,61.5
Martin Dúbravka,Burnley,Goalkeeper,40,100.0,0.0,0.0,0.03,0.0,1.69,0.03,0.96,2.19,1.41,1.49,5,36,1,19,6,0.0,180,0,6.0,26.5,976.4,0.0,0.0,97.9
James Ward-Prowse,Burnley,Midfielder,56,78.96,0.02,0.26,0.08,0.0,3.73,1.27,0.96,2.19,1.41,1.49,5,36,1,19,6,0.07,154,0,6.0,0.2,204.8,364.6,22.0,59.1
Lesley Ugochukwu,Burnley,Midfielder,50,75.24,0.1,0.02,0.04,0.04,2.39,2.01,0.96,2.19,1.41,1.49,5,36,1,19,0,0.0,0,0,6.0,0.1,376.8,150.2,194.0,71.9
Florentino Ibrain Morris Luís,Burnley,Midfielder,50,74.84,0.05,0.02,0.29,0.0,4.58,3.95,0.96,2.19,1.41,1.49,5,36,1,19,2,0.0,33,0,6.0,0.0,364.2,198.1,45.0,60.9
Đorđe Petrović,Bournemouth,Goalkeeper,46,100.0,0.0,0.0,0.09,0.0,1.71,0.0,1.79,1.49,1.29,1.66,11,36,0,6,7,0.0,180,0,3.0,5.1,759.0,0.0,0.0,76.1
Marcos Senesi Barón,Bournemouth,Defender,52,98.95,0.06,0.12,0.24,0.0,9.93,1.76,1.79,1.49,1.29,1.66,11,36,0,6,18,0.13,180,0,3.0,21.2,1036.0,362.7,199.0,160.1
Adrien Truffert,Bournemouth,Defender,47,99.08,0.04,0.1,0.12,0.0,5.59,2.58,1.79,1.49,1.29,1.66,11,36,0,6,10,0.06,180,0,3.0,4.6,753.6,476.1,161.0,139.1
James Hill,Bournemouth,Defender,42,78.21,0.04,0.06,0.15,0.0,9.68,1.82,1.79,1.49,1.29,1.66,11,36,0,6,11,0.1,180,0,3.0,7.5,525.8,139.7,111.0,77.9
Marcus Tavernier,Bournemouth,Midfielder,54,90.11,0.32,0.16,0.18,0.0,2.0,1.27,1.79,1.49,1.29,1.66,11,36,0,6,5,0.2,175,0,3.0,4.9,568.2,668.4,540.0,177.8
Tyler Adams,Bournemouth,Midfielder,49,79.65,0.05,0.04,0.4,0.0,4.14,2.45,1.79,1.49,1.29,1.66,11,36,0,6,7,0.0,85,0,3.0,0.3,341.6,139.0,112.0,59.5
Lewis Cook,Bournemouth,Midfielder,49,62.15,0.01,0.04,0.11,0.11,5.79,2.59,1.79,1.49,1.29,1.66,11,36,0,6,0,0.0,0,0,3.0,0.0,206.0,183.3,12.0,40.4
Alex Scott,Bournemouth,Midfielder,50,86.83,0.12,0.09,0.13,0.0,4.22,1.89,1.79,1.49,1.29,1.66,11,36,0,6,7,0.08,180,0,3.0,2.3,572.4,467.0,314.0,135.0
Francisco Evanilson de Lima Barbosa,Bournemouth,Forward,67,87.58,0.38,0.1,0.07,0.0,1.28,0.35,1.79,1.49,1.29,1.66,11,36,0,6,6,0.35,169,0,3.0,2.5,333.6,381.3,783.0,149.5
Bafodé Diakité,Bournemouth,Defender,41,78.77,0.0,0.01,0.07,0.0,6.85,1.41,1.79,1.49,1.29,1.66,11,36,0,6,0,0.0,0,0,3.0,0.3,267.0,54.3,22.0,34.4
Álex Jiménez Sánchez,Bournemouth,Defender,45,84.37,0.05,0.07,0.38,0.0,3.11,2.64,1.79,1.49,1.29,1.66,11,36,0,6,6,0.02,180,0,3.0,0.2,406.0,269.3,184.0,85.9
Dango Ouattara,Brentford,Midfielder,57,80.61,0.32,0.23,0.21,0.0,3.04,1.0,1.79,1.43,2.07,1.21,2,36,0,7,7,0.75,179,0,4.0,1.6,430.0,389.8,609.0,142.2
Caoimhín Kelleher,Brentford,Goalkeeper,48,100.0,0.0,0.0,0.03,0.0,1.24,0.03,1.79,1.43,2.07,1.21,2,36,0,7,10,0.0,180,0,4.0,12.1,789.0,23.0,0.0,81.3
Hákon Rafn Valdimarsson,Brentford,Goalkeeper,38,100.0,0.0,0.0,0.0,0.0,0.0,0.0,1.79,1.43,2.07,1.21,2,36,0,7,0,0.0,0,0,4.0,0.9,13.0,0.0,0.0,1.3
Nathan Collins,Brentford,Defender,49,93.61,0.09,0.06,0.2,0.0,8.66,0.93,1.79,1.43,2.07,1.21,2,36,0,7,8,0.0,180,0,4.0,2.5,765.0,131.5,310.0,120.8
Kristoffer Ajer,Brentford,Defender,44,72.58,0.06,0.05,0.17,0.0,7.33,1.93,1.79,1.43,2.07,1.21,2,36,0,7,1,0.0,10,0,4.0,0.2,358.6,58.3,161.0,57.9
Michael Kayode,Brentford,Defender,46,98.4,0.03,0.09,0.21,0.0,4.31,1.87,1.79,1.43,2.07,1.21,2,36,0,7,6,0.56,180,0,4.0,1.1,569.2,444.8,130.0,114.7
Ethan Pinnock,Brentford,Defender,42,91.67,0.0,0.0,0.27,0.0,10.47,1.42,1.79,1.43,2.07,1.21,2,36,0,7,0,0.0,0,0,4.0,0.1,88.6,1.2,33.0,12.3
Sepp van den Berg,Brentford,Defender,45,98.67,0.11,0.05,0.07,0.0,8.04,0.64,1.79,1.43,2.07,1.21,2,36,0,7,6,0.31,180,0,4.0,1.1,611.6,87.0,292.0,99.2
Kevin Schade,Brentford,Midfielder,68,89.51,0.37,0.16,0.21,0.03,1.81,1.38,1.79,1.43,2.07,1.21,2,36,0,7,5,0.0,151,0,4.0,1.4,494.6,376.3,745.0,161.1
Mikkel Damsgaard,Brentford,Midfielder,56,71.11,0.14,0.29,0.0,0.0,1.87,2.39,1.79,1.43,2.07,1.21,2,36,0,7,13,0.55,180,0,4.0,0.7,493.4,628.5,317.0,144.1
Jordan Henderson,Brentford,Midfielder,50,70.5,0.03,0.16,0.2,0.0,2.88,1.29,1.79,1.43,2.07,1.21,2,36,0,7,0,0.0,0,0,4.0,0.3,328.0,336.0,45.0,70.9
Vitaly Janelt,Brentford,Midfielder,49,62.47,0.05,0.26,0.51,0.0,4.74,1.72,1.79,1.43,2.07,1.21,2,36,0,7,0,0.0,0,0,4.0,0.1,329.0,313.6,91.0,72.5
Mathias Jensen,Brentford,Midfielder,49,67.85,0.07,0.23,0.13,0.0,2.33,1.66,1.79,1.43,2.07,1.21,2,36,0,7,13,0.09,180,0,4.0,0.1,406.6,568.9,190.0,116.5
Gustavo Nunes Fernandes Gomes,Brentford,Midfielder,49,89.73,0.04,0.05,0.34,0.0,0.0,0.0,1.79,1.43,2.07,1.21,2,36,0,7,0,0.0,0,0,4.0,0.0,0.0,0.0,0.0,0.0
Yehor Yarmoliuk,Brentford,Midfielder,50,79.62,0.05,0.05,0.25,0.0,2.64,2.28,1.79,1.43,2.07,1.21,2,36,0,7,7,0.03,180,0,4.0,0.1,402.6,267.5,113.0,78.2
Igor Thiago Nascimento Rodrigues,Brentford,Forward,73,95.94,0.71,0.1,0.21,0.0,2.21,0.99,1.79,1.43,2.07,1.21,2,36,0,7,7,1.12,180,1,4.0,31.8,986.0,354.3,1107.0,244.5
Bart Verbruggen,Brighton,Goalkeeper,46,100.0,0.0,0.0,0.09,0.0,0.86,0.03,1.52,1.43,0.96,1.81,20,36,1,8,8,0.0,180,0,5.0,9.7,875.8,10.0,0.0,88.7
Olivier Boscagli,Brighton,Defender,42,74.17,0.0,0.02,0.22,0.0,6.98,1.8,1.52,1.43,0.96,1.81,20,36,1,8,7,0.0,180,0,5.0,0.2,215.6,82.2,12.0,31.1
Lewis Dunk,Brighton,Defender,45,94.85,0.03,0.02,0.35,0.0,6.45,1.16,1.52,1.43,0.96,1.81,20,36,1,8,1,0.0,2,0,5.0,0.9,573.4,108.6,154.0,83.8
Ferdi Kadıoğlu,Brighton,Defender,44,93.95,0.06,0.04,0.19,0.0,3.34,1.73,1.52,1.43,0.96,1.81,20,36,1,8,16,0.26,180,0,5.0,1.4,478.4,395.5,253.0,113.0
Jan Paul van Hecke,Brighton,Defender,46,99.12,0.09,0.03,0.28,0.0,7.38,1.56,1.52,1.43,0.96,1.81,20,36,1,8,8,0.13,180,0,5.0,10.9,923.4,222.5,278.0,142.8
Mitoma Kaoru,Brighton,Midfielder,61,77.04,0.23,0.19,0.22,0.0,1.47,0.92,1.52,1.43,0.96,1.81,20,36,1,8,4,0.4,171,0,5.0,2.3,288.2,419.8,403.0,110.7
Georginio Rutter,Brighton,Midfielder,56,66.44,0.14,0.23,0.1,0.0,1.93,1.62,1.52,1.43,0.96,1.81,20,36,1,8,7,0.12,92,0,5.0,0.4,330.6,333.8,413.0,107.6
Yankuba Minteh,Brighton,Midfielder,55,78.46,0.18,0.23,0.12,0.0,1.21,2.12,1.52,1.43,0.96,1.81,20,36,1,8,4,0.34,166,0,5.0,2.4,420.8,617.3,580.0,162.1
Jack Hinshelwood,Brighton,Midfielder,51,70.56,0.24,0.12,0.0,0.0,1.93,0.96,1.52,1.43,0.96,1.81,20,36,1,8,15,1.69,177,0,5.0,1.0,266.6,188.9,351.0,80.1
Yasin Ayari,Brighton,Midfielder,48,78.11,0.1,0.07,0.05,0.0,2.51,2.23,1.52,1.43,0.96,1.81,20,36,1,8,1,0.0,8,0,5.0,0.4,358.0,251.0,229.0,84.1
Diego Gómez Amarilla,Brighton,Midfielder,49,77.78,0.24,0.09,0.39,0.0,2.04,3.36,1.52,1.43,0.96,1.81,20,36,1,8,0,0.0,0,0,5.0,0.4,437.2,317.0,394.0,115.0
Mats Wieffer,Brighton,Midfielder,49,81.42,0.09,0.14,0.39,0.0,4.97,3.18,1.52,1.43,0.96,1.81,20,36,1,8,2,0.0,62,0,5.0,0.4,467.4,288.3,209.0,96.5
Danny Welbeck,Brighton,Forward,64,68.01,0.54,0.1,0.22,0.0,1.62,0.92,1.52,1.43,0.96,1.81,20,36,1,8,11,0.34,87,1,5.0,9.8,563.8,299.5,713.0,157.0
Pascal Groß,Brighton,Midfielder,56,94.79,0.06,0.19,0.13,0.0,2.44,1.58,1.52,1.43,0.96,1.81,20,36,1,8,10,0.24,180,0,5.0,3.2,345.4,577.7,134.0,105.7
Robert Lynch Sánchez,Chelsea,Goalkeeper,48,96.77,0.0,0.03,0.13,0.03,0.85,0.06,1.99,1.51,1.77,1.41,4,36,0,9,3,0.0,156,0,5.0,10.7,762.8,50.0,0.0,80.8
Filip Jörgensen,Chelsea,Goalkeeper,43,76.39,0.0,0.0,0.0,0.0,0.94,0.0,1.99,1.51,1.77,1.41,4,36,0,9,1,0.0,24,0,5.0,0.2,60.0,0.0,0.0,5.9
Marc Cucurella Saseta,Chelsea,Defender,61,87.6,0.07,0.17,0.22,0.04,4.62,1.81,1.99,1.51,1.77,1.41,4,36,0,9,5,0.05,180,0,5.0,14.4,542.0,553.9,280.0,137.7
Reece James,Chelsea,Defender,56,76.83,0.06,0.19,0.19,0.0,3.66,2.24,1.99,1.51,1.77,1.41,4,36,0,9,0,0.0,0,0,5.0,5.9,446.4,480.8,109.0,103.8
Trevoh Chalobah,Chelsea,Defender,54,95.28,0.06,0.02,0.1,0.03,7.36,1.15,1.99,1.51,1.77,1.41,4,36,0,9,2,0.14,180,0,5.0,9.0,704.4,110.5,160.0,97.5
Malo Gusto,Chelsea,Defender,48,73.89,0.08,0.14,0.13,0.04,2.9,2.08,1.99,1.51,1.77,1.41,4,36,0,9,1,0.1,180,0,5.0,1.8,427.4,432.6,193.0,105.4
Benoît Badiashile Mukinayi,Chelsea,Defender,44,66.39,0.0,0.0,0.38,0.0,7.85,1.34,1.99,1.51,1.77,1.41,4,36,0,9,0,0.0,0,0,5.0,0.0,102.8,7.9,2.0,11.4
Wesley Fofana,Chelsea,Defender,44,76.16,0.03,0.04,0.3,0.06,10.17,1.15,1.99,1.51,1.77,1.41,4,36,0,9,0,0.0,45,0,5.0,0.4,440.4,64.2,72.0,57.7
Cole Palmer,Chelsea,Midfielder,103,83.91,0.51,0.11,0.21,0.0,1.44,1.12,1.99,1.51,1.77,1.41,4,36,0,9,0,0.93,90,1,5.0,12.9,486.4,367.4,506.0,135.9
Pedro Lomba Neto,Chelsea,Midfielder,70,87.12,0.18,0.27,0.07,0.04,0.69,0.58,1.99,1.51,1.77,1.41,4,36,0,9,2,0.0,90,0,5.0,4.0,472.2,784.0,477.0,173.6
Enzo Fernández,Chelsea,Midfielder,65,96.94,0.36,0.26,0.25,0.0,1.52,1.61,1.99,1.51,1.77,1.41,4,36,0,9,4,0.15,180,1,5.0,10.5,734.0,1003.6,709.0,244.7
Moisés Caicedo Corozo,Chelsea,Midfielder,57,94.19,0.05,0.07,0.35,0.04,3.41,2.95,1.99,1.51,1.77,1.41,4,36,0,9,5,0.02,180,0,5.0,7.2,526.6,334.2,119.0,97.7
João Pedro Junqueira de Jesus,Chelsea,Forward,75,84.78,0.54,0.14,0.14,0.0,1.34,0.91,1.99,1.51,1.77,1.41,4,36,0,9,8,0.46,90,0,5.0,38.2,756.4,454.3,880.0,208.7
Alejandro Garnacho Ferreyra,Chelsea,Midfielder,64,62.03,0.29,0.3,0.14,0.0,0.71,1.0,1.99,1.51,1.77,1.41,4,36,0,9,1,0.18,45,0,5.0,0.4,207.4,405.3,399.0,100.1
Dean Henderson,Crystal Palace,Goalkeeper,51,100.0,0.0,0.0,0.12,0.0,1.55,0.0,1.64,1.49,2.07,1.21,2,36,1,15,2,0.0,90,0,4.0,9.7,750.0,10.0,0.0,75.9
Dean Henderson,Crystal Palace,Goalkeeper,51,100.0,0.0,0.0,0.12,0.0,1.55,0.0,1.64,1.49,2.07,1.21,2,36,0,15,2,0.0,90,0,4.0,9.7,750.0,10.0,0.0,75.9
Walter Benítez,Crystal Palace,Goalkeeper,39,100.0,0.0,0.0,0.0,0.0,1.0,0.0,1.64,1.49,2.07,1.21,2,36,1,15,0,0.0,0,0,4.0,0.3,22.8,0.0,0.0,2.3
Walter Benítez,Crystal Palace,Goalkeeper,39,100.0,0.0,0.0,0.0,0.0,1.0,0.0,1.64,1.49,2.07,1.21,2,36,0,15,0,0.0,0,0,4.0,0.3,22.8,0.0,0.0,2.3
Daniel Muñoz Mejía,Crystal Palace,Defender,59,93.6,0.12,0.16,0.3,0.0,4.81,2.66,1.64,1.49,2.07,1.21,2,36,1,15,0,0.0,45,0,4.0,10.2,519.0,314.0,361.0,119.4
Daniel Muñoz Mejía,Crystal Palace,Defender,59,93.6,0.12,0.16,0.3,0.0,4.81,2.66,1.64,1.49,2.07,1.21,2,36,0,15,0,0.0,45,0,4.0,10.2,519.0,314.0,361.0,119.4
Maxence Lacroix,Crystal Palace,Defender,52,98.92,0.09,0.04,0.13,0.03,9.05,1.74,1.64,1.49,2.07,1.21,2,36,1,15,2,0.0,90,0,4.0,8.4,755.6,94.1,286.0,113.5
Maxence Lacroix,Crystal Palace,Defender,52,98.92,0.09,0.04,0.13,0.03,9.05,1.74,1.64,1.49,2.07,1.21,2,36,0,15,2,0.0,90,0,4.0,8.4,755.6,94.1,286.0,113.5
Tyrick Mitchell,Crystal Palace,Defender,50,96.31,0.04,0.09,0.15,0.0,3.95,2.67,1.64,1.49,2.07,1.21,2,36,1,15,1,0.0,45,0,4.0,2.5,576.4,442.0,201.0,122.1
Tyrick Mitchell,Crystal Palace,Defender,50,96.31,0.04,0.09,0.15,0.0,3.95,2.67,1.64,1.49,2.07,1.21,2,36,0,15,1,0.0,45,0,4.0,2.5,576.4,442.0,201.0,122.1
Chris Richards,Crystal Palace,Defender,44,96.81,0.05,0.02,0.1,0.0,8.22,1.75,1.64,1.49,2.07,1.21,2,36,1,15,1,0.0,14,0,4.0,2.7,683.8,152.3,147.0,98.6
Chris Richards,Crystal Palace,Defender,44,96.81,0.05,0.02,0.1,0.0,8.22,1.75,1.64,1.49,2.07,1.21,2,36,0,15,1,0.0,14,0,4.0,2.7,683.8,152.3,147.0,98.6
Nathaniel Clyne,Crystal Palace,Defender,38,71.53,0.05,0.12,0.17,0.0,4.55,2.55,1.64,1.49,2.07,1.21,2,36,1,15,0,0.0,0,0,4.0,0.5,80.6,53.5,33.0,16.6
Nathaniel Clyne,Crystal Palace,Defender,38,71.53,0.05,0.12,0.17,0.0,4.55,2.55,1.64,1.49,2.07,1.21,2,36,0,15,0,0.0,0,0,4.0,0.5,80.6,53.5,33.0,16.6
Ismaïla Sarr,Crystal Palace,Midfielder,64,88.98,0.43,0.1,0.09,0.0,1.69,0.84,1.64,1.49,2.07,1.21,2,36,1,15,1,0.54,45,0,4.0,7.2,391.6,243.6,466.0,110.3
Ismaïla Sarr,Crystal Palace,Midfielder,64,88.98,0.43,0.1,0.09,0.0,1.69,0.84,1.64,1.49,2.07,1.21,2,36,0,15,1,0.54,45,0,4.0,7.2,391.6,243.6,466.0,110.3
Daichi Kamada,Crystal Palace,Midfielder,50,77.78,0.07,0.1,0.11,0.0,1.79,2.88,1.64,1.49,2.07,1.21,2,36,1,15,1,0.0,45,0,4.0,0.1,203.6,298.1,138.0,64.0
Daichi Kamada,Crystal Palace,Midfielder,50,77.78,0.07,0.1,0.11,0.0,1.79,2.88,1.64,1.49,2.07,1.21,2,36,0,15,1,0.0,45,0,4.0,0.1,203.6,298.1,138.0,64.0
Jefferson Lerma Solís,Crystal Palace,Midfielder,49,61.4,0.13,0.1,0.36,0.0,4.39,1.19,1.64,1.49,2.07,1.21,2,36,1,15,0,0.0,90,0,4.0,0.1,239.8,189.4,225.0,65.1
Jefferson Lerma Solís,Crystal Palace,Midfielder,49,61.4,0.13,0.1,0.36,0.0,4.39,1.19,1.64,1.49,2.07,1.21,2,36,0,15,0,0.0,90,0,4.0,0.1,239.8,189.4,225.0,65.1
Adam Wharton,Crystal Palace,Midfielder,50,87.78,0.04,0.23,0.15,0.04,2.52,2.36,1.64,1.49,2.07,1.21,2,36,1,15,1,0.0,45,0,4.0,0.8,414.0,613.5,155.0,118.5
Adam Wharton,Crystal Palace,Midfielder,50,87.78,0.04,0.23,0.15,0.04,2.52,2.36,1.64,1.49,2.07,1.21,2,36,0,15,1,0.0,45,0,4.0,0.8,414.0,613.5,155.0,118.5
Jean-Philippe Mateta,Crystal Palace,Forward,76,83.57,0.63,0.05,0.09,0.0,2.46,0.43,1.64,1.49,2.07,1.21,2,36,1,15,1,0.08,25,1,4.0,9.4,499.6,144.8,746.0,138.5
Jean-Philippe Mateta,Crystal Palace,Forward,76,83.57,0.63,0.05,0.09,0.0,2.46,0.43,1.64,1.49,2.07,1.21,2,36,0,15,1,0.08,25,1,4.0,9.4,499.6,144.8,746.0,138.5
Jørgen Strand Larsen,Crystal Palace,Forward,59,73.33,0.26,0.03,0.17,0.0,1.96,0.39,1.64,1.49,2.07,1.21,2,36,1,15,2,0.19,64,0,4.0,1.7,258.4,188.4,423.0,85.2
Jørgen Strand Larsen,Crystal Palace,Forward,59,73.33,0.26,0.03,0.17,0.0,1.96,0.39,1.64,1.49,2.07,1.21,2,36,0,15,2,0.19,64,0,4.0,1.7,258.4,188.4,423.0,85.2
Yéremy Pino Santos,Crystal Palace,Midfielder,58,71.08,0.19,0.35,0.18,0.0,1.22,1.59,1.64,1.49,2.07,1.21,2,36,1,15,1,0.0,45,0,4.0,0.2,293.2,664.8,344.0,130.0
Yéremy Pino Santos,Crystal Palace,Midfielder,58,71.08,0.19,0.35,0.18,0.0,1.22,1.59,1.64,1.49,2.07,1.21,2,36,0,15,1,0.0,45,0,4.0,0.2,293.2,664.8,344.0,130.0
Jaydee Canvot,Crystal Palace,Defender,45,69.54,0.1,0.01,0.25,0.0,8.82,3.05,1.64,1.49,2.07,1.21,2,36,1,15,0,0.0,90,0,4.0,0.6,311.4,46.6,36.0,39.3
Jaydee Canvot,Crystal Palace,Defender,45,69.54,0.1,0.01,0.25,0.0,8.82,3.05,1.64,1.49,2.07,1.21,2,36,0,15,0,0.0,90,0,4.0,0.6,311.4,46.6,36.0,39.3
Kiernan Dewsbury-Hall,Everton,Midfielder,52,94.44,0.15,0.22,0.23,0.0,1.48,1.86,1.32,1.54,1.64,1.49,15,36,0,10,10,0.17,180,0,6.0,6.5,582.4,523.5,402.0,150.9
Jordan Pickford,Everton,Goalkeeper,56,100.0,0.0,0.01,0.11,0.0,1.26,0.06,1.32,1.54,1.64,1.49,15,36,0,10,2,0.0,180,0,6.0,12.9,813.4,20.3,2.0,83.6
Jarrad Branthwaite,Everton,Defender,53,75.78,0.04,0.05,0.13,0.0,7.04,1.86,1.32,1.54,1.64,1.49,15,36,0,10,0,0.0,0,0,6.0,0.3,175.0,42.8,75.0,29.3
James Tarkowski,Everton,Defender,57,100.0,0.07,0.04,0.21,0.0,8.79,1.26,1.32,1.54,1.64,1.49,15,36,0,10,3,0.0,180,0,6.0,11.1,870.2,209.5,322.0,140.5
Vitalii Mykolenko,Everton,Defender,49,99.74,0.01,0.03,0.17,0.0,5.72,1.51,1.32,1.54,1.64,1.49,15,36,0,10,2,0.0,180,0,6.0,0.6,519.4,347.7,67.0,93.3
Jake O'Brien,Everton,Defender,49,94.74,0.02,0.02,0.12,0.03,5.22,1.69,1.32,1.54,1.64,1.49,15,36,0,10,7,0.17,154,0,6.0,0.7,568.4,259.0,167.0,99.8
Michael Keane,Everton,Defender,45,85.78,0.13,0.0,0.04,0.04,9.43,1.28,1.32,1.54,1.64,1.49,15,36,0,10,3,0.04,180,0,6.0,2.6,698.6,31.7,248.0,97.9
Iliman Ndiaye,Everton,Midfielder,62,97.13,0.2,0.14,0.07,0.0,1.25,2.26,1.32,1.54,1.64,1.49,15,36,0,10,4,1.08,180,1,6.0,4.4,576.4,443.9,530.0,155.2
Dwight McNeil,Everton,Midfielder,55,62.59,0.11,0.13,0.08,0.0,2.02,1.79,1.32,1.54,1.64,1.49,15,36,0,10,2,0.03,64,0,6.0,0.1,140.4,241.6,138.0,52.1
Idrissa Gana Gueye,Everton,Midfielder,54,94.22,0.08,0.07,0.04,0.04,2.54,1.85,1.32,1.54,1.64,1.49,15,36,0,10,2,0.39,85,0,6.0,0.1,382.6,259.2,208.0,85.1
James Garner,Everton,Midfielder,52,99.9,0.06,0.16,0.29,0.0,4.18,3.21,1.32,1.54,1.64,1.49,15,36,0,10,8,0.0,180,1,6.0,3.8,826.0,840.0,218.0,188.6
Jack Grealish,Everton,Midfielder,63,91.39,0.17,0.25,0.11,0.05,1.49,1.11,1.32,1.54,1.64,1.49,15,36,0,10,0,0.0,0,0,6.0,5.6,374.2,520.5,397.0,129.2
Bernd Leno,Fulham,Goalkeeper,49,100.0,0.0,0.0,0.09,0.0,1.29,0.11,1.29,1.66,1.79,1.49,6,36,1,11,10,0.0,180,0,3.0,2.1,765.2,0.0,0.0,76.4
Antonee Robinson,Fulham,Defender,49,70.99,0.01,0.07,0.22,0.0,5.18,2.96,1.29,1.66,1.79,1.49,6,36,1,11,2,0.02,99,0,3.0,0.8,285.2,292.1,46.0,62.4
Joachim Andersen,Fulham,Defender,45,98.3,0.05,0.02,0.22,0.0,9.0,1.43,1.29,1.66,1.79,1.49,6,36,1,11,14,0.0,180,0,3.0,4.2,790.6,130.1,144.0,106.9
Calvin Bassey,Fulham,Defender,44,92.72,0.05,0.01,0.2,0.0,5.33,2.23,1.29,1.66,1.79,1.49,6,36,1,11,7,0.0,180,0,3.0,0.6,528.8,118.5,113.0,76.4
Timothy Castagne,Fulham,Defender,43,64.98,0.07,0.06,0.23,0.0,5.6,1.71,1.29,1.66,1.79,1.49,6,36,1,11,6,0.15,180,0,3.0,0.1,321.4,231.4,166.0,72.1
Issa Diop,Fulham,Defender,43,65.89,0.01,0.0,0.3,0.0,6.39,0.91,1.29,1.66,1.79,1.49,6,36,1,11,0,0.0,0,0,3.0,0.1,118.0,5.7,12.0,13.6
Jorge Cuenca Barreno,Fulham,Defender,43,75.24,0.0,0.05,0.47,0.0,9.47,1.55,1.29,1.66,1.79,1.49,6,36,1,11,0,0.0,0,0,3.0,0.1,244.6,47.1,14.0,30.7
Kenny Tete,Fulham,Defender,45,91.16,0.04,0.05,0.1,0.0,5.03,3.27,1.29,1.66,1.79,1.49,6,36,1,11,0,0.0,0,0,3.0,0.2,416.0,214.1,108.0,73.9
Alex Iwobi,Fulham,Midfielder,62,95.14,0.07,0.13,0.12,0.0,1.35,1.03,1.29,1.66,1.79,1.49,6,36,1,11,0,0.0,0,0,3.0,1.2,486.2,684.9,275.0,144.7
Ryan Sessegnon,Fulham,Midfielder,54,75.31,0.1,0.11,0.0,0.0,4.76,2.38,1.29,1.66,1.79,1.49,6,36,1,11,11,0.26,80,0,3.0,0.1,413.8,225.0,229.0,86.7
Harry Wilson,Fulham,Midfielder,59,89.63,0.19,0.18,0.24,0.0,2.26,0.98,1.29,1.66,1.79,1.49,6,36,1,11,4,0.23,153,0,3.0,18.6,684.0,618.3,578.0,188.0
Sander Berge,Fulham,Midfielder,49,94.11,0.04,0.06,0.16,0.0,2.89,1.79,1.29,1.66,1.79,1.49,6,36,1,11,3,0.06,90,0,3.0,0.1,422.8,328.7,93.0,84.8
Saša Lukić,Fulham,Midfielder,49,71.81,0.13,0.11,0.46,0.0,3.19,2.5,1.29,1.66,1.79,1.49,6,36,1,11,7,0.29,180,0,3.0,0.1,279.6,399.5,154.0,83.2
Raúl Jiménez Rodríguez,Fulham,Forward,60,71.34,0.49,0.08,0.21,0.0,1.76,1.43,1.29,1.66,1.79,1.49,6,36,1,11,4,0.24,137,1,3.0,1.9,479.4,330.4,722.0,152.6
Karl Darlow,Leeds,Goalkeeper,40,100.0,0.0,0.0,0.05,0.0,1.32,0.05,1.58,1.42,1.19,1.5,17,36,0,14,4,0.0,180,0,3.0,6.7,431.0,0.0,0.0,43.4
Jayden Bogle,Leeds,Defender,44,92.32,0.06,0.11,0.2,0.0,3.58,2.05,1.58,1.42,1.19,1.5,17,36,0,14,6,0.0,135,0,3.0,0.7,422.6,327.4,212.0,96.5
Pascal Struijk,Leeds,Defender,43,96.91,0.09,0.04,0.16,0.0,8.06,1.16,1.58,1.42,1.19,1.5,17,36,0,14,4,0.05,180,0,3.0,2.6,675.0,160.0,266.0,110.1
Jaka Bijol,Leeds,Defender,39,82.98,0.04,0.06,0.16,0.0,8.57,1.32,1.58,1.42,1.19,1.5,17,36,0,14,9,0.0,153,0,3.0,1.1,442.6,72.3,233.0,74.8
Gabriel Gudmundsson,Leeds,Defender,38,92.26,0.03,0.11,0.14,0.03,4.06,2.22,1.58,1.42,1.19,1.5,17,36,0,14,1,0.0,90,0,3.0,2.7,442.6,363.7,158.0,96.4
Joe Rodon,Leeds,Defender,39,93.19,0.05,0.01,0.07,0.0,7.32,1.11,1.58,1.42,1.19,1.5,17,36,0,14,1,0.14,135,0,3.0,2.9,640.2,100.3,221.0,96.5
Brenden Aaronson,Leeds,Midfielder,54,75.16,0.22,0.21,0.08,0.0,1.37,1.89,1.58,1.42,1.19,1.5,17,36,0,14,3,0.03,101,0,3.0,1.0,456.8,442.5,475.0,137.3
Ethan Ampadu,Leeds,Midfielder,49,99.31,0.06,0.04,0.28,0.0,4.39,2.37,1.58,1.42,1.19,1.5,17,36,0,14,10,0.09,180,0,3.0,0.6,545.0,360.0,160.0,106.9
Ilia Gruev,Leeds,Midfielder,47,63.29,0.05,0.1,0.21,0.0,2.73,1.57,1.58,1.42,1.19,1.5,17,36,0,14,0,0.0,0,0,3.0,0.1,199.4,171.0,64.0,43.2
Anton Stach,Leeds,Midfielder,48,91.73,0.12,0.24,0.12,0.0,3.18,2.41,1.58,1.42,1.19,1.5,17,36,0,14,10,0.28,71,0,3.0,2.0,630.0,885.2,311.0,182.8
Lucas Estella Perri,Leeds,Goalkeeper,44,100.0,0.0,0.0,0.12,0.0,1.0,0.0,1.58,1.42,1.19,1.5,17,36,0,14,0,0.0,0,0,3.0,0.3,322.4,0.0,0.0,32.2
Dominic Calvert-Lewin,Leeds,Forward,58,86.15,0.6,0.05,0.07,0.0,1.6,0.36,1.58,1.42,1.19,1.5,17,36,0,14,8,0.45,180,1,3.0,12.8,542.8,268.2,961.0,176.2
Noah Okafor,Leeds,Midfielder,56,63.17,0.36,0.13,0.17,0.0,1.68,1.33,1.58,1.42,1.19,1.5,17,36,0,14,12,0.52,127,0,3.0,2.5,438.8,275.0,435.0,115.0
James Justin,Leeds,Defender,40,69.44,0.14,0.09,0.22,0.0,6.27,2.44,1.58,1.42,1.19,1.5,17,36,0,14,5,0.02,180,0,3.0,2.1,412.6,163.6,202.0,78.0
Alisson Becker,Liverpool,Goalkeeper,54,100.0,0.0,0.0,0.04,0.0,1.48,0.0,1.77,1.41,1.99,1.51,9,36,1,4,0,0.0,0,0,7.0,5.2,468.4,0.1,0.0,46.7
Giorgi Mamardashvili,Liverpool,Goalkeeper,41,95.83,0.0,0.0,0.0,0.0,1.18,0.0,1.77,1.41,1.99,1.51,9,36,1,4,0,0.0,0,0,7.0,0.6,215.6,0.0,0.0,21.5
Freddie Woodman,Liverpool,Goalkeeper,39,77.78,0.0,0.0,0.0,0.0,1.7,0.0,1.77,1.41,1.99,1.51,9,36,1,4,5,0.0,180,0,7.0,0.4,83.8,0.0,0.0,8.4
Milos Kerkez,Liverpool,Defender,56,74.8,0.06,0.08,0.17,0.0,3.84,1.79,1.77,1.41,1.99,1.51,9,36,1,4,2,0.0,34,0,7.0,2.9,420.4,397.5,139.0,96.0
Virgil van Dijk,Liverpool,Defender,61,100.0,0.11,0.01,0.11,0.0,8.8,0.66,1.77,1.41,1.99,1.51,9,36,1,4,5,0.02,180,0,7.0,30.8,1046.4,201.7,441.0,168.9
Ibrahima Konaté,Liverpool,Defender,55,96.8,0.06,0.02,0.19,0.0,7.3,1.62,1.77,1.41,1.99,1.51,9,36,1,4,5,0.0,176,0,7.0,3.9,741.0,146.0,96.0,98.6
Conor Bradley,Liverpool,Defender,49,71.26,0.02,0.11,0.47,0.0,4.46,1.84,1.77,1.41,1.99,1.51,9,36,1,4,0,0.0,0,0,7.0,0.1,157.4,105.2,62.0,32.3
Mohamed Salah,Liverpool,Midfielder,140,92.13,0.37,0.25,0.04,0.0,0.48,0.7,1.77,1.41,1.99,1.51,9,36,1,4,1,0.09,58,1,7.0,13.7,497.6,710.6,741.0,194.9
Florian Wirtz,Liverpool,Midfielder,83,85.7,0.26,0.2,0.04,0.0,0.96,1.23,1.77,1.41,1.99,1.51,9,36,1,4,10,0.14,180,0,7.0,8.9,519.2,904.1,636.0,205.9
Cody Gakpo,Liverpool,Midfielder,73,84.61,0.32,0.23,0.11,0.0,1.23,0.97,1.77,1.41,1.99,1.51,9,36,1,4,8,0.53,180,0,7.0,5.6,530.2,669.9,801.0,200.0
Alexis Mac Allister,Liverpool,Midfielder,62,78.86,0.13,0.1,0.19,0.0,2.27,1.77,1.77,1.41,1.99,1.51,9,36,1,4,15,0.03,180,0,7.0,1.8,444.2,494.6,313.0,125.2
Dominik Szoboszlai,Liverpool,Midfielder,70,99.87,0.13,0.2,0.24,0.03,2.83,1.58,1.77,1.41,1.99,1.51,9,36,1,4,14,0.26,180,1,7.0,13.0,791.8,1127.8,361.0,228.0
Ryan Gravenberch,Liverpool,Midfielder,54,93.03,0.05,0.07,0.16,0.0,3.5,1.73,1.77,1.41,1.99,1.51,9,36,1,4,3,0.06,101,0,7.0,3.7,626.8,447.5,183.0,125.4
Hugo Ekitiké,Liverpool,Forward,90,72.82,0.59,0.12,0.0,0.0,1.6,0.55,1.77,1.41,1.99,1.51,9,36,1,4,0,0.0,0,0,7.0,16.2,525.8,307.2,739.0,156.2
Antoine Semenyo,Man City,Midfielder,81,98.35,0.37,0.11,0.22,0.0,1.36,1.36,2.07,1.21,1.64,1.49,15,36,1,2,2,0.12,74,0,6.0,48.1,828.0,552.7,940.0,232.0
Antoine Semenyo,Man City,Midfielder,81,98.35,0.37,0.11,0.22,0.0,1.36,1.36,2.07,1.21,1.64,1.49,15,36,1,2,2,0.12,74,0,6.0,48.1,828.0,552.7,940.0,232.0
James Trafford,Man City,Goalkeeper,45,100.0,0.0,0.0,0.0,0.0,2.0,0.67,2.07,1.21,1.64,1.49,15,36,1,2,0,0.0,0,0,6.0,0.9,100.2,0.0,0.0,10.1
James Trafford,Man City,Goalkeeper,45,100.0,0.0,0.0,0.0,0.0,2.0,0.67,2.07,1.21,1.64,1.49,15,36,1,2,0,0.0,0,0,6.0,0.9,100.2,0.0,0.0,10.1
Marc Guéhi,Man City,Defender,51,100.0,0.14,0.09,0.19,0.0,6.75,1.31,2.07,1.21,1.64,1.49,15,36,1,2,4,0.06,90,0,6.0,32.6,845.2,291.7,391.0,152.9
Marc Guéhi,Man City,Defender,51,100.0,0.14,0.09,0.19,0.0,6.75,1.31,2.07,1.21,1.64,1.49,15,36,1,2,4,0.06,90,0,6.0,32.6,845.2,291.7,391.0,152.9
Rayan Aït-Nouri,Man City,Defender,57,65.26,0.05,0.15,0.2,0.0,3.21,3.21,2.07,1.21,1.64,1.49,15,36,1,2,0,0.0,0,0,6.0,4.1,184.6,184.3,70.0,43.9
Rayan Aït-Nouri,Man City,Defender,57,65.26,0.05,0.15,0.2,0.0,3.21,3.21,2.07,1.21,1.64,1.49,15,36,1,2,0,0.0,0,0,6.0,4.1,184.6,184.3,70.0,43.9
Joško Gvardiol,Man City,Defender,58,90.76,0.13,0.03,0.14,0.0,5.67,1.18,2.07,1.21,1.64,1.49,15,36,1,2,0,0.0,0,0,6.0,3.2,354.6,104.7,193.0,65.3
Joško Gvardiol,Man City,Defender,58,90.76,0.13,0.03,0.14,0.0,5.67,1.18,2.07,1.21,1.64,1.49,15,36,1,2,0,0.0,0,0,6.0,3.2,354.6,104.7,193.0,65.3
Abdukodir Khusanov,Man City,Defender,54,72.57,0.05,0.04,0.15,0.0,6.5,1.88,2.07,1.21,1.64,1.49,15,36,1,2,3,0.01,90,0,6.0,0.7,278.8,102.2,20.0,40.3
Abdukodir Khusanov,Man City,Defender,54,72.57,0.05,0.04,0.15,0.0,6.5,1.88,2.07,1.21,1.64,1.49,15,36,1,2,3,0.01,90,0,6.0,0.7,278.8,102.2,20.0,40.3
Matheus Nunes,Man City,Defender,53,94.16,0.02,0.1,0.14,0.0,4.36,1.92,2.07,1.21,1.64,1.49,15,36,1,2,1,0.0,90,0,6.0,3.0,653.4,497.3,127.0,128.1
Matheus Nunes,Man City,Defender,53,94.16,0.02,0.1,0.14,0.0,4.36,1.92,2.07,1.21,1.64,1.49,15,36,1,2,1,0.0,90,0,6.0,3.0,653.4,497.3,127.0,128.1
Rúben dos Santos Gato Alves Dias,Man City,Defender,55,91.2,0.02,0.02,0.13,0.0,6.63,0.57,2.07,1.21,1.64,1.49,15,36,1,2,0,0.0,0,0,6.0,3.1,549.2,139.5,96.0,78.6
Rúben dos Santos Gato Alves Dias,Man City,Defender,55,91.2,0.02,0.02,0.13,0.0,6.63,0.57,2.07,1.21,1.64,1.49,15,36,1,2,0,0.0,0,0,6.0,3.1,549.2,139.5,96.0,78.6
Nico O'Reilly,Man City,Defender,53,85.62,0.23,0.14,0.15,0.0,3.58,2.41,2.07,1.21,1.64,1.49,15,36,1,2,1,0.24,90,0,6.0,20.0,627.2,396.8,531.0,155.5
Nico O'Reilly,Man City,Defender,53,85.62,0.23,0.14,0.15,0.0,3.58,2.41,2.07,1.21,1.64,1.49,15,36,1,2,1,0.24,90,0,6.0,20.0,627.2,396.8,531.0,155.5
Phil Foden,Man City,Midfielder,80,70.92,0.3,0.24,0.19,0.0,1.12,1.47,2.07,1.21,1.64,1.49,15,36,1,2,1,0.01,16,0,6.0,7.6,513.0,804.5,446.0,176.0
Phil Foden,Man City,Midfielder,80,70.92,0.3,0.24,0.19,0.0,1.12,1.47,2.07,1.21,1.64,1.49,15,36,1,2,1,0.01,16,0,6.0,7.6,513.0,804.5,446.0,176.0
Bernardo Mota Veiga de Carvalho e Silva,Man City,Midfielder,62,85.88,0.09,0.18,0.27,0.0,1.95,1.5,2.07,1.21,1.64,1.49,15,36,1,2,2,0.03,86,0,6.0,0.7,474.2,753.8,301.0,153.1
Bernardo Mota Veiga de Carvalho e Silva,Man City,Midfielder,62,85.88,0.09,0.18,0.27,0.0,1.95,1.5,2.07,1.21,1.64,1.49,15,36,1,2,2,0.03,86,0,6.0,0.7,474.2,753.8,301.0,153.1
Jérémy Doku,Man City,Midfielder,65,67.22,0.2,0.37,0.0,0.0,0.75,1.21,2.07,1.21,1.64,1.49,15,36,1,2,15,0.11,90,0,6.0,5.0,464.6,716.3,522.0,170.1
Jérémy Doku,Man City,Midfielder,65,67.22,0.2,0.37,0.0,0.0,0.75,1.21,2.07,1.21,1.64,1.49,15,36,1,2,15,0.11,90,0,6.0,5.0,464.6,716.3,522.0,170.1
Rodrigo 'Rodri' Hernandez Cascante,Man City,Midfielder,63,78.33,0.06,0.14,0.13,0.0,3.49,2.54,2.07,1.21,1.64,1.49,15,36,1,2,0,0.0,0,0,6.0,0.5,341.8,392.5,102.0,83.8
Rodrigo 'Rodri' Hernandez Cascante,Man City,Midfielder,63,78.33,0.06,0.14,0.13,0.0,3.49,2.54,2.07,1.21,1.64,1.49,15,36,1,2,0,0.0,0,0,6.0,0.5,341.8,392.5,102.0,83.8
Nico González Iglesias,Man City,Midfielder,59,68.8,0.03,0.05,0.36,0.0,4.28,2.39,2.07,1.21,1.64,1.49,15,36,1,2,2,0.0,74,0,6.0,0.1,292.6,216.1,65.0,57.3
Nico González Iglesias,Man City,Midfielder,59,68.8,0.03,0.05,0.36,0.0,4.28,2.39,2.07,1.21,1.64,1.49,15,36,1,2,2,0.0,74,0,6.0,0.1,292.6,216.1,65.0,57.3
Tijjani Reijnders,Man City,Midfielder,50,64.1,0.27,0.18,0.12,0.0,1.88,0.6,2.07,1.21,1.64,1.49,15,36,1,2,0,0.0,0,0,6.0,9.0,339.4,340.0,394.0,106.5
Tijjani Reijnders,Man City,Midfielder,50,64.1,0.27,0.18,0.12,0.0,1.88,0.6,2.07,1.21,1.64,1.49,15,36,1,2,0,0.0,0,0,6.0,9.0,339.4,340.0,394.0,106.5
Erling Haaland,Man City,Forward,147,94.24,0.85,0.16,0.06,0.0,1.46,0.49,2.07,1.21,1.64,1.49,15,36,1,2,7,0.53,90,1,6.0,64.5,1078.4,283.8,1379.0,274.3
Erling Haaland,Man City,Forward,147,94.24,0.85,0.16,0.06,0.0,1.46,0.49,2.07,1.21,1.64,1.49,15,36,1,2,7,0.53,90,1,6.0,64.5,1078.4,283.8,1379.0,274.3
Gianluigi Donnarumma,Man City,Goalkeeper,56,100.0,0.0,0.0,0.23,0.0,1.26,0.0,2.07,1.21,1.64,1.49,15,36,1,2,1,0.0,90,0,6.0,9.3,612.4,10.3,2.0,62.6
Gianluigi Donnarumma,Man City,Goalkeeper,56,100.0,0.0,0.0,0.23,0.0,1.26,0.0,2.07,1.21,1.64,1.49,15,36,1,2,1,0.0,90,0,6.0,9.3,612.4,10.3,2.0,62.6
Max Alleyne,Man City,Defender,39,76.67,0.25,0.02,0.0,0.0,5.33,2.0,2.07,1.21,1.64,1.49,15,36,1,2,0,0.0,0,0,6.0,0.0,34.0,14.8,26.0,7.5
Max Alleyne,Man City,Defender,39,76.67,0.25,0.02,0.0,0.0,5.33,2.0,2.07,1.21,1.64,1.49,15,36,1,2,0,0.0,0,0,6.0,0.0,34.0,14.8,26.0,7.5
Bryan Mbeumo,Man Utd,Midfielder,83,92.74,0.36,0.17,0.14,0.0,0.85,0.92,1.86,1.33,1.09,1.64,12,36,0,3,5,0.42,147,0,10.0,15.3,564.4,783.5,792.0,214.0
Altay Bayındır,Man Utd,Goalkeeper,47,100.0,0.0,0.05,0.0,0.0,1.17,0.0,1.86,1.33,1.09,1.64,12,36,0,3,0,0.0,0,0,10.0,0.3,118.4,10.0,0.0,12.8
Matthijs de Ligt,Man Utd,Defender,49,100.0,0.1,0.03,0.0,0.0,6.77,1.46,1.86,1.33,1.09,1.64,12,36,0,3,0,0.0,0,0,10.0,1.8,276.6,60.2,122.0,45.7
Lisandro Martínez,Man Utd,Defender,48,70.15,0.01,0.04,0.0,0.1,6.29,1.22,1.86,1.33,1.09,1.64,12,36,0,3,0,0.0,0,0,10.0,0.4,232.4,80.6,10.0,32.5
Diogo Dalot Teixeira,Man Utd,Defender,45,84.98,0.07,0.12,0.18,0.0,4.43,1.75,1.86,1.33,1.09,1.64,12,36,0,3,5,0.06,180,0,10.0,4.1,515.4,427.7,198.0,114.1
Patrick Dorgu,Man Utd,Defender,41,64.64,0.14,0.18,0.34,0.0,3.21,3.15,1.86,1.33,1.09,1.64,12,36,0,3,1,0.03,15,0,10.0,2.4,402.4,354.4,267.0,102.2
Harry Maguire,Man Utd,Defender,44,77.56,0.07,0.04,0.19,0.06,6.66,1.11,1.86,1.33,1.09,1.64,12,36,0,3,8,0.26,180,0,10.0,1.3,313.2,49.6,175.0,54.0
Luke Shaw,Man Utd,Defender,45,95.37,0.02,0.04,0.24,0.0,4.17,2.19,1.86,1.33,1.09,1.64,12,36,0,3,7,0.06,162,0,10.0,0.9,498.6,301.0,77.0,87.8
Leny Yoro,Man Utd,Defender,41,61.76,0.07,0.01,0.05,0.0,6.46,1.52,1.86,1.33,1.09,1.64,12,36,0,3,2,0.0,18,0,10.0,1.2,319.0,82.8,124.0,52.4
Ayden Heaven,Man Utd,Defender,37,60.33,0.02,0.04,0.2,0.0,6.95,2.15,1.86,1.33,1.09,1.64,12,36,0,3,3,0.0,180,0,10.0,2.6,233.6,32.0,26.0,29.1
Bruno Borges Fernandes,Man Utd,Midfielder,104,97.64,0.36,0.51,0.16,0.0,2.06,1.58,1.86,1.33,1.09,1.64,12,36,0,3,10,0.11,180,1,10.0,47.5,1144.6,1726.7,552.0,342.6
Matheus Santos Carneiro da Cunha,Man Utd,Midfielder,81,83.69,0.23,0.1,0.12,0.0,1.67,1.39,1.86,1.33,1.09,1.64,12,36,0,3,7,0.09,86,0,10.0,8.1,614.2,469.3,726.0,181.2
Amad Diallo,Man Utd,Midfielder,62,79.89,0.24,0.18,0.09,0.0,1.94,1.55,1.86,1.33,1.09,1.64,12,36,0,3,2,0.5,90,0,10.0,1.3,399.8,554.4,528.0,148.4
Carlos Henrique Casimiro,Man Utd,Midfielder,58,86.43,0.22,0.11,0.28,0.04,4.65,3.17,1.86,1.33,1.09,1.64,12,36,0,3,16,0.36,180,0,10.0,5.4,896.8,511.9,574.0,198.6
Kobbie Mainoo,Man Utd,Midfielder,47,60.13,0.02,0.07,0.07,0.0,2.73,2.21,1.86,1.33,1.09,1.64,12,36,0,3,13,0.06,180,0,10.0,1.2,315.4,308.2,72.0,69.8
Benjamin Sesko,Man Utd,Forward,73,60.59,0.69,0.03,0.11,0.0,1.1,0.28,1.86,1.33,1.09,1.64,12,36,0,3,13,1.68,132,0,10.0,5.6,483.8,156.1,803.0,143.4
Senne Lammens,Man Utd,Goalkeeper,51,100.0,0.0,0.0,0.0,0.0,0.86,0.03,1.86,1.33,1.09,1.64,12,36,0,3,5,0.0,180,0,10.0,3.2,562.2,0.0,2.0,56.4
Nick Pope,Newcastle,Goalkeeper,50,99.63,0.01,0.0,0.08,0.0,1.43,0.04,1.62,1.52,1.24,1.64,16,36,0,13,5,0.0,180,0,2.0,4.2,549.2,0.0,35.0,58.5
Lewis Hall,Newcastle,Defender,53,77.94,0.05,0.12,0.14,0.0,4.96,2.31,1.62,1.52,1.24,1.64,16,36,0,13,1,0.0,22,0,2.0,3.3,496.4,376.8,157.0,103.0
Fabian Schär,Newcastle,Defender,52,76.11,0.08,0.01,0.08,0.0,8.35,1.16,1.62,1.52,1.24,1.64,16,36,0,13,0,0.0,0,0,2.0,1.1,291.2,63.6,108.0,46.4
Sven Botman,Newcastle,Defender,49,79.39,0.09,0.08,0.11,0.0,8.92,0.98,1.62,1.52,1.24,1.64,16,36,0,13,8,0.22,180,0,2.0,0.4,491.4,84.1,183.0,75.9
Dan Burn,Newcastle,Defender,50,86.07,0.04,0.02,0.4,0.04,8.03,1.57,1.62,1.52,1.24,1.64,16,36,0,13,10,0.28,180,0,2.0,3.5,498.0,93.3,184.0,77.7
Tino Livramento,Newcastle,Defender,49,86.47,0.01,0.04,0.07,0.0,3.12,1.49,1.62,1.52,1.24,1.64,16,36,0,13,0,0.0,0,0,2.0,1.8,219.4,199.7,42.0,46.1
Kieran Trippier,Newcastle,Defender,49,88.71,0.01,0.11,0.18,0.0,3.3,1.38,1.62,1.52,1.24,1.64,16,36,0,13,0,0.0,0,0,2.0,1.4,274.6,465.0,14.0,75.3
Anthony Gordon,Newcastle,Midfielder,73,80.68,0.42,0.18,0.14,0.05,0.8,0.95,1.62,1.52,1.24,1.64,16,36,0,13,0,0.0,0,1,2.0,3.5,393.8,404.2,514.0,130.9
Bruno Guimarães Rodriguez Moura,Newcastle,Midfielder,68,94.7,0.24,0.16,0.2,0.0,1.95,2.24,1.62,1.52,1.24,1.64,16,36,0,13,8,0.09,164,1,2.0,5.0,727.4,698.7,401.0,182.9
Joelinton Cássio Apolinário de Lira,Newcastle,Midfielder,59,79.83,0.1,0.09,0.43,0.0,3.48,1.89,1.62,1.52,1.24,1.64,16,36,0,13,4,0.17,90,0,2.0,0.3,310.4,265.9,315.0,89.2
Sandro Tonali,Newcastle,Midfielder,53,82.15,0.05,0.13,0.15,0.0,2.67,1.24,1.62,1.52,1.24,1.64,16,36,0,13,3,0.06,180,0,2.0,1.1,381.2,499.0,186.0,107.0
Lewis Miley,Newcastle,Midfielder,44,71.01,0.08,0.14,0.0,0.0,3.44,1.75,1.62,1.52,1.24,1.64,16,36,0,13,4,0.0,180,0,2.0,1.9,342.6,251.4,136.0,73.0
Aaron Ramsdale,Newcastle,Goalkeeper,48,92.41,0.0,0.01,0.18,0.0,0.9,0.0,1.62,1.52,1.24,1.64,16,36,0,13,0,0.0,0,0,2.0,0.8,212.8,10.0,0.0,22.3
Malick Thiaw,Newcastle,Defender,49,93.68,0.2,0.03,0.13,0.0,7.82,1.27,1.62,1.52,1.24,1.64,16,36,0,13,4,0.82,180,0,2.0,4.8,813.2,110.3,403.0,132.3
Nick Woltemade,Newcastle,Forward,67,64.04,0.41,0.11,0.0,0.0,1.44,1.18,1.62,1.52,1.24,1.64,16,36,0,13,1,0.0,15,0,2.0,6.4,392.6,220.7,392.0,99.4
Oleksandr Zinchenko,"""Nottham Forest""",Defender,49,77.11,0.02,0.12,0.0,0.0,3.58,2.56,1.24,1.64,1.62,1.52,13,36,1,16,0,0.0,0,0,4.0,0.2,80.8,83.4,22.0,18.6
Stefan Ortega Moreno,"""Nottham Forest""",Goalkeeper,47,100.0,0.0,0.0,0.0,0.0,0.33,0.0,1.24,1.64,1.62,1.52,13,36,1,16,0,0.0,0,0,4.0,0.2,68.6,0.0,0.0,6.9
Matz Sels,"""Nottham Forest""",Goalkeeper,46,95.32,0.0,0.0,0.07,0.0,0.9,0.04,1.24,1.64,1.62,1.52,13,36,1,16,15,0.0,180,0,4.0,5.0,628.6,10.0,0.0,63.9
Nikola Milenković,"""Nottham Forest""",Defender,51,98.1,0.01,0.0,0.17,0.0,7.57,0.78,1.24,1.64,1.62,1.52,13,36,1,16,9,0.0,135,0,4.0,3.3,617.6,42.1,108.0,77.0
Murillo Costa dos Santos,"""Nottham Forest""",Defender,52,94.76,0.03,0.01,0.21,0.0,7.94,1.48,1.24,1.64,1.62,1.52,13,36,1,16,0,0.0,0,0,4.0,1.8,542.2,115.5,82.0,74.0
Ola Aina,"""Nottham Forest""",Defender,47,98.46,0.02,0.02,0.17,0.0,5.61,1.76,1.24,1.64,1.62,1.52,13,36,1,16,9,0.05,90,0,4.0,2.2,285.2,160.3,58.0,50.5
Neco Williams,"""Nottham Forest""",Defender,48,95.85,0.05,0.13,0.18,0.03,4.08,2.7,1.24,1.64,1.62,1.52,13,36,1,16,6,0.03,135,0,4.0,4.3,739.4,530.0,349.0,161.8
Jair Paula da Cunha Filho,"""Nottham Forest""",Defender,42,69.26,0.03,0.0,0.0,0.0,6.83,1.26,1.24,1.64,1.62,1.52,13,36,1,16,2,0.0,94,0,4.0,0.1,73.0,2.9,10.0,8.5
Felipe Rodrigues da Silva,"""Nottham Forest""",Defender,43,65.62,0.12,0.0,0.42,0.0,7.32,2.19,1.24,1.64,1.62,1.52,13,36,1,16,2,0.0,130,0,4.0,0.1,260.0,21.1,61.0,34.2
Zach Abbott,"""Nottham Forest""",Defender,38,61.48,0.0,0.0,0.0,0.0,4.91,2.18,1.24,1.64,1.62,1.52,13,36,1,16,1,0.0,45,0,4.0,0.2,25.4,6.4,0.0,3.2
Morgan Gibbs-White,"""Nottham Forest""",Midfielder,76,94.03,0.3,0.13,0.03,0.0,1.39,0.59,1.24,1.64,1.62,1.52,13,36,1,16,17,0.08,110,1,4.0,9.1,754.8,700.3,745.0,219.8
Callum Hudson-Odoi,"""Nottham Forest""",Midfielder,57,68.78,0.14,0.19,0.0,0.0,1.18,0.69,1.24,1.64,1.62,1.52,13,36,1,16,0,0.0,0,0,4.0,0.6,366.6,611.7,330.0,130.6
Elliot Anderson,"""Nottham Forest""",Midfielder,56,97.78,0.09,0.1,0.2,0.0,2.77,2.8,1.24,1.64,1.62,1.52,13,36,1,16,10,0.23,135,0,4.0,7.0,793.8,876.4,274.0,194.8
Ibrahim Sangaré,"""Nottham Forest""",Midfielder,49,86.45,0.07,0.06,0.22,0.0,3.85,2.58,1.24,1.64,1.62,1.52,13,36,1,16,1,0.0,45,0,4.0,0.1,407.6,201.9,126.0,73.7
Chris Wood,"""Nottham Forest""",Forward,71,70.46,0.32,0.03,0.0,0.0,1.56,0.12,1.24,1.64,1.62,1.52,13,36,1,16,8,0.52,111,1,4.0,4.7,134.4,67.2,227.0,41.8
Igor Jesus Maciel da Cruz,"""Nottham Forest""",Forward,59,69.25,0.29,0.09,0.04,0.0,1.55,0.93,1.24,1.64,1.62,1.52,13,36,1,16,19,0.97,111,0,4.0,2.5,391.2,210.7,641.0,121.9
John Victor Maciel Furtado,"""Nottham Forest""",Goalkeeper,40,97.78,0.0,0.0,0.2,0.0,0.82,0.0,1.24,1.64,1.62,1.52,13,36,1,16,0,0.0,0,0,4.0,0.3,56.4,0.0,0.0,5.7
Nicolò Savona,"""Nottham Forest""",Defender,45,82.22,0.11,0.05,0.17,0.0,3.25,1.76,1.24,1.64,1.62,1.52,13,36,1,16,0,0.0,0,0,4.0,0.0,216.6,123.2,94.0,43.5
Daniel Ballard,Sunderland,Defender,47,82.11,0.16,0.07,0.17,0.04,9.7,1.39,1.09,1.64,1.86,1.33,3,36,1,12,-2,0.04,113,0,3.0,2.7,662.8,181.2,370.0,121.5
Trai Hume,Sunderland,Defender,45,88.83,0.08,0.05,0.29,0.0,4.28,2.09,1.09,1.64,1.86,1.33,3,36,1,12,0,0.08,180,0,3.0,0.3,487.8,324.6,222.0,102.6
Reinildo Mandava,Sunderland,Defender,38,86.06,0.01,0.02,0.37,0.05,5.73,1.7,1.09,1.64,1.86,1.33,3,36,1,12,3,0.0,116,0,3.0,2.9,326.0,124.8,39.0,49.1
Jenson Seelt,Sunderland,Defender,40,75.0,0.0,0.0,0.0,0.0,5.41,2.71,1.09,1.64,1.86,1.33,3,36,1,12,0,0.0,0,0,3.0,0.1,33.6,2.4,0.0,3.6
Habib Diarra,Sunderland,Midfielder,53,85.06,0.2,0.02,0.33,0.0,1.12,0.93,1.09,1.64,1.86,1.33,3,36,1,12,2,0.15,82,1,3.0,0.1,145.0,124.5,222.0,47.8
Enzo Le Fée,Sunderland,Midfielder,48,90.34,0.15,0.17,0.17,0.0,2.47,2.74,1.09,1.64,1.86,1.33,3,36,1,12,6,0.12,180,1,3.0,1.5,628.2,691.1,252.0,157.4
Noah Sadiki,Sunderland,Midfielder,49,98.3,0.03,0.03,0.27,0.0,2.87,1.57,1.09,1.64,1.86,1.33,3,36,1,12,4,0.13,161,0,3.0,0.1,327.4,300.2,132.0,76.2
Chemsdine Talbi,Sunderland,Midfielder,49,61.92,0.14,0.04,0.0,0.0,1.18,0.62,1.09,1.64,1.86,1.33,3,36,1,12,2,0.09,90,0,3.0,0.2,236.8,205.0,238.0,67.5
Granit Xhaka,Sunderland,Midfielder,51,94.12,0.03,0.12,0.24,0.0,4.34,1.57,1.09,1.64,1.86,1.33,3,36,1,12,10,0.14,180,0,3.0,3.2,642.6,561.3,98.0,130.2
Robin Roefs,Sunderland,Goalkeeper,48,100.0,0.0,0.02,0.12,0.0,1.03,0.0,1.09,1.64,1.86,1.33,3,36,1,12,3,0.0,180,0,3.0,8.1,832.8,40.0,0.0,87.2
Omar Alderete,Sunderland,Defender,41,96.63,0.05,0.02,0.2,0.0,9.08,1.01,1.09,1.64,1.86,1.33,3,36,1,12,4,0.23,180,0,3.0,5.5,730.0,137.1,273.0,114.4
Nordi Mukiele,Sunderland,Defender,46,96.67,0.09,0.09,0.18,0.0,6.59,2.4,1.09,1.64,1.86,1.33,3,36,1,12,11,0.19,180,0,3.0,8.4,684.0,327.3,209.0,122.1
Lutsharel Geertruida,Sunderland,Defender,45,61.73,0.04,0.05,0.06,0.0,4.27,2.17,1.09,1.64,1.86,1.33,3,36,1,12,0,0.0,0,0,3.0,0.1,238.0,116.1,67.0,42.1
Brian Brobbey,Sunderland,Forward,53,67.82,0.27,0.07,0.32,0.0,0.85,0.43,1.09,1.64,1.86,1.33,3,36,1,12,3,0.06,161,0,3.0,1.0,282.4,163.6,443.0,87.1
Bertrand Traoré,Sunderland,Midfielder,55,62.5,0.08,0.13,0.13,0.0,1.56,1.56,1.09,1.64,1.86,1.33,3,36,1,12,0,0.0,0,0,3.0,0.0,115.6,108.4,135.0,35.9
Melker Ellborg,Sunderland,Goalkeeper,40,100.0,0.0,0.0,0.0,0.0,2.0,0.0,1.09,1.64,1.86,1.33,3,36,1,12,0,0.0,0,0,3.0,0.1,73.6,0.0,0.0,7.4
Guglielmo Vicario,Spurs,Goalkeeper,47,100.0,0.0,0.0,0.03,0.0,1.13,0.03,1.19,1.5,1.58,1.42,14,36,1,17,0,0.0,0,0,3.0,4.8,709.2,10.1,0.0,72.2
Antonín Kinský,Spurs,Goalkeeper,39,100.0,0.0,0.0,0.0,0.0,2.0,0.0,1.19,1.5,1.58,1.42,14,36,1,17,8,0.0,180,0,3.0,1.8,48.0,0.0,0.0,4.8
Pedro Porro Sauceda,Spurs,Defender,52,91.22,0.05,0.12,0.28,0.0,4.67,2.35,1.19,1.5,1.58,1.42,14,36,1,17,12,0.04,180,0,3.0,10.8,613.6,727.0,189.0,153.1
Cristian Romero,Spurs,Defender,50,90.72,0.09,0.09,0.43,0.1,6.69,2.79,1.19,1.5,1.58,1.42,14,36,1,17,0,0.0,0,0,3.0,2.9,574.8,133.6,223.0,93.2
Kevin Danso,Spurs,Defender,42,64.5,0.03,0.01,0.52,0.0,10.04,1.85,1.19,1.5,1.58,1.42,14,36,1,17,8,0.09,180,0,3.0,0.2,339.8,35.6,72.0,44.9
Djed Spence,Spurs,Defender,41,80.49,0.05,0.09,0.18,0.0,3.31,1.96,1.19,1.5,1.58,1.42,14,36,1,17,9,0.02,113,0,3.0,0.9,280.2,206.3,182.0,66.6
Destiny Udogie,Spurs,Defender,43,71.5,0.01,0.09,0.25,0.0,2.47,1.97,1.19,1.5,1.58,1.42,14,36,1,17,2,0.0,90,0,3.0,0.3,179.0,180.8,92.0,45.3
Micky van de Ven,Spurs,Defender,44,96.49,0.08,0.03,0.26,0.03,5.26,1.17,1.19,1.5,1.58,1.42,14,36,1,17,8,0.0,180,0,3.0,17.6,647.4,93.3,210.0,95.0
Mohammed Kudus,Spurs,Midfielder,64,92.22,0.13,0.15,0.17,0.0,0.53,1.7,1.19,1.5,1.58,1.42,14,36,1,17,0,0.0,0,0,3.0,9.2,333.4,413.8,302.0,104.7
Rodrigo Bentancur,Spurs,Midfielder,52,80.68,0.04,0.04,0.38,0.0,4.53,2.54,1.19,1.5,1.58,1.42,14,36,1,17,6,0.05,156,0,3.0,0.2,313.4,171.1,109.0,59.6
Yves Bissouma,Spurs,Midfielder,52,62.53,0.03,0.0,0.58,0.0,3.9,2.7,1.19,1.5,1.58,1.42,14,36,1,17,4,0.0,84,0,3.0,0.0,89.6,25.5,23.0,13.7
Archie Gray,Spurs,Midfielder,48,72.17,0.1,0.1,0.3,0.0,3.94,0.68,1.19,1.5,1.58,1.42,14,36,1,17,0,0.0,0,0,3.0,0.1,257.2,138.1,158.0,55.3
Richarlison de Andrade,Spurs,Forward,63,63.91,0.43,0.15,0.27,0.0,2.86,1.32,1.19,1.5,1.58,1.42,14,36,1,17,13,0.58,140,0,3.0,6.2,547.4,203.5,707.0,145.3
João Maria Lobo Alves Palhares Costa Palhinha Gonçalves,Spurs,Midfielder,55,71.48,0.1,0.03,0.28,0.0,3.98,4.63,1.19,1.5,1.58,1.42,14,36,1,17,11,0.59,118,0,3.0,0.8,559.0,120.4,227.0,90.9
Xavi Simons,Spurs,Midfielder,64,70.16,0.14,0.24,0.25,0.05,1.44,1.75,1.19,1.5,1.58,1.42,14,36,1,17,3,0.12,62,0,3.0,1.2,349.6,533.8,255.0,113.9
Randal Kolo Muani,Spurs,Forward,69,63.05,0.16,0.08,0.18,0.0,1.34,1.58,1.19,1.5,1.58,1.42,14,36,1,17,2,0.27,111,0,3.0,0.4,164.8,252.2,272.0,67.9
Conor Gallagher,Spurs,Midfielder,50,82.22,0.1,0.07,0.19,0.0,2.44,1.56,1.19,1.5,1.58,1.42,14,36,1,17,13,0.04,180,0,3.0,0.2,165.8,163.9,117.0,44.7
Alphonse Areola,West Ham,Goalkeeper,42,100.0,0.0,0.0,0.0,0.0,1.5,0.0,1.28,1.79,2.03,0.87,1,36,1,18,0,0.0,0,0,2.0,1.9,570.4,10.0,0.0,57.9
El Hadji Malick Diouf,West Ham,Defender,41,93.52,0.02,0.11,0.18,0.0,5.54,1.48,1.28,1.79,2.03,0.87,1,36,1,18,3,0.03,163,0,2.0,2.3,526.8,396.9,110.0,103.5
Maximilian Kilman,West Ham,Defender,41,82.12,0.07,0.01,0.23,0.0,8.31,0.92,1.28,1.79,2.03,0.87,1,36,1,18,0,0.0,0,0,2.0,0.1,392.4,55.8,60.0,50.9
Konstantinos Mavropanos,West Ham,Defender,45,89.21,0.11,0.02,0.08,0.0,9.51,1.39,1.28,1.79,2.03,0.87,1,36,1,18,3,0.04,180,0,2.0,1.9,691.2,53.6,283.0,102.8
Nayef Aguerd,West Ham,Defender,44,100.0,0.04,0.0,0.0,0.0,7.0,0.5,1.28,1.79,2.03,0.87,1,36,1,18,0,0.0,0,0,2.0,0.0,39.0,3.9,8.0,5.1
Jean-Clair Todibo,West Ham,Defender,43,90.58,0.03,0.02,0.21,0.05,6.45,1.96,1.28,1.79,2.03,0.87,1,36,1,18,1,0.0,1,0,2.0,0.1,372.6,65.5,24.0,46.3
Aaron Wan-Bissaka,West Ham,Defender,41,93.57,0.0,0.05,0.19,0.0,6.3,1.4,1.28,1.79,2.03,0.87,1,36,1,18,1,0.0,25,0,2.0,4.3,415.4,290.5,30.0,74.0
Lucas Tolentino Coelho de Lima,West Ham,Midfielder,59,95.31,0.14,0.18,0.29,0.06,1.78,2.38,1.28,1.79,2.03,0.87,1,36,1,18,0,0.0,0,0,2.0,1.0,374.6,397.2,186.0,95.7
Crysencio Summerville,West Ham,Midfielder,54,88.85,0.22,0.11,0.2,0.0,1.96,1.55,1.28,1.79,2.03,0.87,1,36,1,18,3,0.21,177,0,2.0,1.3,391.4,405.3,510.0,130.4
Jarrod Bowen,West Ham,Forward,77,99.87,0.23,0.21,0.11,0.0,2.01,1.29,1.28,1.79,2.03,0.87,1,36,1,18,12,0.18,177,1,2.0,12.6,802.4,644.2,765.0,221.2
Kyle Walker-Peters,West Ham,Defender,42,64.39,0.08,0.03,0.14,0.0,3.35,3.07,1.28,1.79,2.03,0.87,1,36,1,18,3,0.0,154,0,2.0,0.3,263.4,123.2,106.0,49.3
Mads Hermansen,West Ham,Goalkeeper,42,100.0,0.0,0.0,0.0,0.0,1.27,0.0,1.28,1.79,2.03,0.87,1,36,1,18,4,0.0,180,0,2.0,0.8,349.8,10.0,0.0,36.0
Mateus Gonçalo Espanha Fernandes,West Ham,Midfielder,55,93.4,0.04,0.1,0.19,0.0,2.49,3.05,1.28,1.79,2.03,0.87,1,36,1,18,6,0.04,180,0,2.0,0.4,580.4,547.1,118.0,124.6
Pablo Felipe Pereira de Jesus,West Ham,Forward,54,75.96,0.12,0.07,0.0,0.0,1.99,2.73,1.28,1.79,2.03,0.87,1,36,1,18,4,0.15,170,0,2.0,0.0,92.4,135.6,91.0,32.0
Valentín Castellanos,West Ham,Forward,55,89.26,0.37,0.06,0.37,0.0,1.77,0.69,1.28,1.79,2.03,0.87,1,36,1,18,2,0.63,142,0,2.0,0.2,204.8,170.7,414.0,77.7
Axel Disasi,West Ham,Defender,45,100.0,0.1,0.0,0.09,0.0,5.64,1.09,1.28,1.79,2.03,0.87,1,36,1,18,4,0.0,180,0,2.0,0.2,186.6,17.0,84.0,28.8
Sam Johnstone,Wolves,Goalkeeper,44,100.0,0.0,0.0,0.0,0.0,2.0,0.17,0.96,1.81,1.52,1.43,8,36,0,20,0,0.0,0,0,5.0,0.1,308.0,0.1,0.0,30.8
José Malheiro de Sá,Wolves,Goalkeeper,42,100.0,0.0,0.0,0.1,0.0,2.05,0.0,0.96,1.81,1.52,1.43,8,36,0,20,2,0.0,90,0,5.0,1.1,445.6,10.0,0.0,45.9
Daniel Bentley,Wolves,Goalkeeper,39,100.0,0.0,0.0,0.0,0.0,1.5,0.0,0.96,1.81,1.52,1.43,8,36,0,20,2,0.0,90,0,5.0,0.5,41.0,0.0,0.0,4.1
Emmanuel Agbadou,Wolves,Defender,42,86.75,0.04,0.01,0.08,0.08,7.61,2.62,0.96,1.81,1.52,1.43,8,36,0,20,0,0.0,0,0,5.0,0.1,312.2,76.0,75.0,46.4
Matt Doherty,Wolves,Defender,44,83.03,0.01,0.02,0.44,0.0,5.73,1.83,0.96,1.81,1.52,1.43,8,36,0,20,2,0.0,84,0,5.0,0.1,132.4,51.1,20.0,20.5
Hugo Bueno López,Wolves,Defender,43,79.76,0.03,0.14,0.12,0.0,4.16,2.47,0.96,1.81,1.52,1.43,8,36,0,20,8,0.23,167,0,5.0,0.2,545.4,659.4,167.0,137.5
Yerson Mosquera Valdelamar,Wolves,Defender,43,87.22,0.11,0.06,0.53,0.0,6.41,2.46,0.96,1.81,1.52,1.43,8,36,0,20,2,0.09,90,0,5.0,0.1,370.0,138.8,230.0,73.9
Santiago Ignacio Bueno,Wolves,Defender,44,97.39,0.05,0.03,0.16,0.0,5.6,2.01,0.96,1.81,1.52,1.43,8,36,0,20,12,0.3,180,0,5.0,0.1,563.4,121.4,224.0,90.7
Toti Gomes,Wolves,Defender,42,87.12,0.06,0.01,0.14,0.07,7.49,1.51,0.96,1.81,1.52,1.43,8,36,0,20,6,0.31,180,0,5.0,0.1,323.8,92.4,69.0,48.7
Ki-Jana Hoever,Wolves,Defender,38,60.69,0.0,0.07,0.0,0.0,5.74,2.77,0.96,1.81,1.52,1.43,8,36,0,20,0,0.0,0,0,5.0,0.9,101.4,87.8,13.0,20.3
André Trindade da Costa Neto,Wolves,Midfielder,52,86.56,0.02,0.04,0.36,0.0,3.0,2.67,0.96,1.81,1.52,1.43,8,36,0,20,3,0.05,180,0,5.0,0.1,394.8,301.9,42.0,73.8
Marshall Munetsi,Wolves,Midfielder,53,73.76,0.19,0.04,0.21,0.0,4.03,2.17,0.96,1.81,1.52,1.43,8,36,0,20,0,0.0,0,0,5.0,0.0,163.6,61.8,196.0,42.1
Jackson Tchatchoua,Wolves,Defender,44,65.3,0.01,0.11,0.15,0.0,3.88,1.42,0.96,1.81,1.52,1.43,8,36,0,20,1,0.0,4,0,5.0,0.0,318.2,349.9,69.0,73.8
Ladislav Krejcí,Wolves,Defender,45,94.83,0.07,0.03,0.12,0.04,6.26,1.14,0.96,1.81,1.52,1.43,8,36,0,20,0,0.0,0,0,5.0,0.1,502.0,132.6,267.0,90.5
Mateus Mané,Wolves,Forward,42,71.11,0.09,0.1,0.0,0.0,1.75,1.28,0.96,1.81,1.52,1.43,8,36,0,20,4,0.16,180,0,5.0,1.2,252.8,342.9,228.0,81.7
Adam Armstrong,Wolves,Forward,52,92.93,0.17,0.15,0.29,0.0,1.09,0.69,0.96,1.81,1.52,1.43,8,36,0,20,4,0.59,180,0,5.0,0.1,111.0,84.4,152.0,34.6
